run,job_id,account,network,dataset,batch_size,granularity,base,meta,meta_stepsize,alpha0,gamma,augment,beta_clip,hier,lam,eta_ratio,seed,epochs_done,epochs_requested,best_test,final_test,final_train,collapsed,node,wallclock_min,provenance,dup_group,superseded,ep_to_85,ep_to_88,ep_to_90,plateau,ep_in_band_90
sc-ResNet10-layer-s0,4683076,salehkaleybars,ResNet10,CIFAR10,100,layerwise,SGDm,Lion,1e-3,1e-6,1,1,-15:-2.3026,,na,na,0,100,100,91.16,91.02,99.52,0,node882,21,env,,0,32,37,56,90.726,45
p6f-r10-lay,4683583,salehkaleybars,ResNet10,CIFAR10,100,layerwise,SGDm,Lion,1e-3,1e-3,1,1,-15:-2.3026,,na,na,0,20,20,86.81,86.81,89.21,0,node886,4,env,,0,17,,,71.282,0
p4-r10-lay,4683366,salehkaleybars,ResNet10,CIFAR10,100,layerwise,SGDm,Lion,1e-3,1e-3,1,1,-15:-2.3026,shrink,1.0,na,0,20,20,75.97,75.97,76.12,0,node887,4,env,,0,,,,59.337,0
sc-ResNet10-add-s0,4683077,salehkaleybars,ResNet10,CIFAR10,100,layerwise,SGDm,Lion,1e-3,1e-6,1,1,-15:-2.3026,additive,na,0.06,0,100,100,91.59,91.29,96.1,0,node881,21,env,,0,37,41,45,91.132,35
sc-ResNet10-layer-s1,4683080,salehkaleybars,ResNet10,CIFAR10,100,layerwise,SGDm,Lion,1e-3,1e-6,1,1,-15:-2.3026,,na,na,1,100,100,90.83,90.47,99.42,0,node883,21,env,,0,33,47,66,90.316,44
sc-ResNet10-add-s1,4683081,salehkaleybars,ResNet10,CIFAR10,100,layerwise,SGDm,Lion,1e-3,1e-6,1,1,-15:-2.3026,additive,na,0.06,1,100,100,90.74,90.44,95.21,0,node886,21,env,,0,37,41,57,90.335,55
p7-r10-lay-s1,4685327,salehkaleybars,ResNet10,CIFAR10,100,layerwise,SGDm,Lion,1e-3,1e-3,1,1,-15:-2.3026,,na,na,1,20,20,86.49,86.49,88.94,0,node885,4,env,,0,20,,,70.488,0
p7-r10-lay-s2,4685330,salehkaleybars,ResNet10,CIFAR10,100,layerwise,SGDm,Lion,1e-3,1e-3,1,1,-15:-2.3026,,na,na,2,20,20,86.77,86.77,89.23,0,node885,4,env,,0,16,,,71.194,0
sc-ResNet10-add-s2,4683085,salehkaleybars,ResNet10,CIFAR10,100,layerwise,SGDm,Lion,1e-3,1e-6,1,1,-15:-2.3026,additive,na,0.06,2,100,100,91.54,91.24,96.46,0,node887,21,env,,0,37,40,46,90.956,41
sc-ResNet10-layer-s2,4683084,salehkaleybars,ResNet10,CIFAR10,100,layerwise,SGDm,Lion,1e-3,1e-6,1,1,-15:-2.3026,,na,na,2,100,100,91.35,91.1,99.42,0,node886,21,env,,0,32,40,59,90.816,48
p6f-r10-node,4683584,salehkaleybars,ResNet10,CIFAR10,100,nodewise,SGDm,Lion,1e-3,1e-3,1,1,-15:-2.3026,,na,na,0,20,20,86.44,86.44,88.72,0,node880,5,env,,0,17,,,69.77,0
p4-r10-node,4683367,salehkaleybars,ResNet10,CIFAR10,100,nodewise,SGDm,Lion,1e-3,1e-3,1,1,-15:-2.3026,shrink,1.0,na,0,20,20,71.4,69.5,72.57,0,node881,6,env,,0,,,,55.967,0
p7-r10-node-s1,4685328,salehkaleybars,ResNet10,CIFAR10,100,nodewise,SGDm,Lion,1e-3,1e-3,1,1,-15:-2.3026,,na,na,1,20,20,85.99,85.99,88.37,0,node886,5,env,,0,20,,,69.739,0
p7-r10-node-s2,4685331,salehkaleybars,ResNet10,CIFAR10,100,nodewise,SGDm,Lion,1e-3,1e-3,1,1,-15:-2.3026,,na,na,2,20,20,86.25,85.87,88.49,0,node881,5,env,,0,17,,,70.096,0
p4-r10-scal,4683365,salehkaleybars,ResNet10,CIFAR10,100,scalar,SGDm,Lion,1e-3,1e-3,1,1,-15:-2.3026,,na,na,0,20,20,71.57,71.42,71.93,0,node887,6,env,,0,,,,62.149,0
sc-ResNet10-scal-s0,4683074,salehkaleybars,ResNet10,CIFAR10,100,scalar,SGDm,Lion,1e-3,1e-6,1,1,-15:-2.3026,,na,na,0,100,100,71.86,71.79,72.14,0,node882,30,env,,0,,,,71.697,0
sc-ResNet10-scal-s1,4683078,salehkaleybars,ResNet10,CIFAR10,100,scalar,SGDm,Lion,1e-3,1e-6,1,1,-15:-2.3026,,na,na,1,100,100,70.57,70.5,70.88,0,node883,30,env,,0,,,,70.36,0
sc-ResNet10-scal-s2,4683082,salehkaleybars,ResNet10,CIFAR10,100,scalar,SGDm,Lion,1e-3,1e-6,1,1,-15:-2.3026,,na,na,2,100,100,70.33,70.21,70.36,0,node881,30,env,,0,,,,70.17,0
p4-r10-w,4683368,salehkaleybars,ResNet10,CIFAR10,100,weightwise,SGDm,Lion,1e-3,1e-3,1,1,-15:-2.3026,shrink,1.0,na,0,20,20,68.22,68.22,67.87,0,node882,6,env,,0,,,,51.285,0
p6f-r10-w,4683585,salehkaleybars,ResNet10,CIFAR10,100,weightwise,SGDm,Lion,1e-3,1e-3,1,1,-15:-2.3026,,na,na,0,20,20,77.94,77.94,78.04,0,node885,4,env,,0,,,,61.367,0
p7-r10-w-s1,4685329,salehkaleybars,ResNet10,CIFAR10,100,weightwise,SGDm,Lion,1e-3,1e-3,1,1,-15:-2.3026,,na,na,1,20,20,76.63,76.54,77.68,0,node882,4,env,,0,,,,61.448,0
p7-r10-w-s2,4685332,salehkaleybars,ResNet10,CIFAR10,100,weightwise,SGDm,Lion,1e-3,1e-3,1,1,-15:-2.3026,,na,na,2,20,20,78.26,78.26,78.41,0,node880,4,env,,0,,,,62.19,0
sm_ResNet101,4680737,salehkaleybars,ResNet101,CIFAR10,100,layerwise,SGDm,Lion,1e-3,1e-6,1,1,-15:-2.3026,,na,na,0,2,2,10.45,10.45,10.2,0,node885,4,env,,0,,,,,0
cs-r10-add-s0,4683708,salehkaleybars,ResNet10_c100,CIFAR100,100,layerwise,SGDm,Lion,1e-3,1e-3,1,1,-15:-2.3026,additive,na,0.06,0,100,100,12.55,5.51,5.5,0,node851,65,env,,0,,,,5.51,0
cs-r10-layer-s0,4683767,salehkaleybars,ResNet10_c100,CIFAR100,100,layerwise,SGDm,Lion,1e-3,1e-3,1,1,-15:-2.3026,,na,na,0,100,100,69.26,68.96,89.71,0,node886,21,env,,0,,,,68.609,0
cs-r10-layer-s1,4683769,salehkaleybars,ResNet10_c100,CIFAR100,100,layerwise,SGDm,Lion,1e-3,1e-3,1,1,-15:-2.3026,,na,na,1,100,100,68.78,67.99,89.77,0,node880,21,env,,0,,,,68.234,0
cs-r10-add-s1,4683711,salehkaleybars,ResNet10_c100,CIFAR100,100,layerwise,SGDm,Lion,1e-3,1e-3,1,1,-15:-2.3026,additive,na,0.06,1,100,100,12.11,5.57,5.62,0,node887,21,env,,0,,,,5.577,0
cs-r10-layer-s2,4683771,salehkaleybars,ResNet10_c100,CIFAR100,100,layerwise,SGDm,Lion,1e-3,1e-3,1,1,-15:-2.3026,,na,na,2,100,100,68.71,68.11,89.29,0,node887,21,env,,0,,,,67.954,0
cs-r10-add-s2,4683714,salehkaleybars,ResNet10_c100,CIFAR100,100,layerwise,SGDm,Lion,1e-3,1e-3,1,1,-15:-2.3026,additive,na,0.06,2,100,100,12.43,5.55,5.5,0,node885,21,env,,0,,,,5.587,0
cs-r10-scal-s0,4683766,salehkaleybars,ResNet10_c100,CIFAR100,100,scalar,SGDm,Lion,1e-3,1e-3,1,1,-15:-2.3026,,na,na,0,100,100,13.09,12.78,12.64,0,node887,29,env,,0,,,,12.863,0
cs-r10-scal-s1,4683768,salehkaleybars,ResNet10_c100,CIFAR100,100,scalar,SGDm,Lion,1e-3,1e-3,1,1,-15:-2.3026,,na,na,1,100,100,13.02,12.95,12.5,0,node886,29,env,,0,,,,12.839,0
cs-r10-scal-s2,4683770,salehkaleybars,ResNet10_c100,CIFAR100,100,scalar,SGDm,Lion,1e-3,1e-3,1,1,-15:-2.3026,,na,na,2,100,100,13.36,13.27,12.79,0,node859,72,env,,0,,,,13.201,0
bg300_cos_s0,4683664,salehkaleybars,ResNet18,CIFAR10,100,?,AdamW,?,,1e-3,1,1,none,,na,na,0,300,300,95.24,95.21,100.0,0,node868,91,env,,0,17,21,28,95.139,72
fxcos_3e-4_s0,4683251,salehkaleybars,ResNet18,CIFAR10,100,?,AdamW,?,,3e-4,1,1,none,,na,na,0,100,100,94.28,94.22,100.0,0,node886,31,env,,0,10,17,24,94.102,14
fx_adamw_1e-3_s0,4682785,salehkaleybars,ResNet18,CIFAR10,100,?,AdamW,?,,1e-3,1,1,none,,na,na,0,100,100,91.7,89.58,96.19,0,node880,31,env,,0,12,22,30,90.227,67
fxcos_1e-4_s0,4683248,salehkaleybars,ResNet18,CIFAR10,100,?,AdamW,?,,1e-4,1,1,none,,na,na,0,100,100,93.17,93.16,99.99,0,node881,31,env,,0,15,20,32,93.044,17
fxcos_1e-3_s0,4683254,salehkaleybars,ResNet18,CIFAR10,100,?,AdamW,?,,1e-3,1,1,none,,na,na,0,100,100,94.31,94.29,99.99,0,node887,31,env,,0,10,17,17,94.129,15
fx_adamw_1e-4_s0,4682781,salehkaleybars,ResNet18,CIFAR10,100,?,AdamW,?,,1e-4,1,1,none,,na,na,0,100,100,92.29,91.83,98.95,0,node880,31,env,,0,21,31,35,91.415,42
bg600_cos_s0,4683670,salehkaleybars,ResNet18,CIFAR10,100,?,AdamW,?,,1e-3,1,1,none,,na,na,0,255,600,92.4,91.76,97.92,0,node883,,env,,0,14,22,28,91.644,135
fx_adamw_3e-4_s0,4682783,salehkaleybars,ResNet18,CIFAR10,100,?,AdamW,?,,3e-4,1,1,none,,na,na,0,100,100,92.56,91.65,98.67,0,node887,31,env,,0,17,22,33,91.876,22
bx-5e-3-s0,4687538,salehkaleybars,ResNet18,CIFAR10,100,?,AdamW,?,,5e-3,1,1,none,,na,na,0,100,100,94.71,94.65,99.95,0,node887,31,env,,0,23,56,64,94.128,6
bx-2e-3-s0,4687537,salehkaleybars,ResNet18,CIFAR10,100,?,AdamW,?,,2e-3,1,1,none,,na,na,0,100,100,94.53,94.51,99.97,0,node885,31,env,,0,11,22,35,94.222,25
fxcos-3e-3-s0,4683737,salehkaleybars,ResNet18,CIFAR10,100,?,AdamW,?,,3e-3,1,1,none,,na,na,0,100,100,94.96,94.91,99.97,0,node886,31,env,,0,15,33,46,94.536,18
bl-adw-1e-2-s0,4687299,salehkaleybars,ResNet18,CIFAR10,100,?,AdamW,?,,1e-2,1,1,none,,na,na,0,100,100,93.87,93.81,99.74,0,node883,30,env,,0,56,71,75,92.792,8
fx_adamw_3e-3_s0,4682787,salehkaleybars,ResNet18,CIFAR10,100,?,AdamW,?,,3e-3,1,1,none,,na,na,0,100,100,88.85,85.35,91.62,0,node881,30,env,,0,17,40,,85.556,0
fx_adamw_1e-4_s1,4682782,salehkaleybars,ResNet18,CIFAR10,100,?,AdamW,?,,1e-4,1,1,none,,na,na,1,100,100,91.88,91.88,99.02,0,node886,31,env,,0,26,31,48,91.238,40
fxcos_1e-4_s1,4683249,salehkaleybars,ResNet18,CIFAR10,100,?,AdamW,?,,1e-4,1,1,none,,na,na,1,100,100,93.1,93.06,99.99,0,node883,31,env,,0,16,25,32,92.926,15
bg300_cos_s1,4683666,salehkaleybars,ResNet18,CIFAR10,100,?,AdamW,?,,1e-3,1,1,none,,na,na,1,300,300,94.9,94.87,100.0,0,node884,93,env,,0,11,24,35,94.819,75
bg600_cos_s1,4683672,salehkaleybars,ResNet18,CIFAR10,100,?,AdamW,?,,1e-3,1,1,none,,na,na,1,225,600,92.13,92.0,97.65,0,node883,,env,,0,13,22,32,91.301,119
fxcos-3e-3-s1,4683738,salehkaleybars,ResNet18,CIFAR10,100,?,AdamW,?,,3e-3,1,1,none,,na,na,1,100,100,94.69,94.65,99.97,0,node884,30,env,,0,15,32,44,94.342,16
gate0_adamw_s1,4650663,salehkaleybars,ResNet18,CIFAR10,100,?,AdamW,?,,1e-5,,?,none,,na,na,1,100,100,59.98,57.26,99.89,0,node887,31,inferred,,0,,,,58.227,0
fxcos_3e-4_s1,4683252,salehkaleybars,ResNet18,CIFAR10,100,?,AdamW,?,,3e-4,1,1,none,,na,na,1,100,100,94.27,94.27,99.99,0,node881,31,env,,0,11,14,26,94.069,10
fx_adamw_3e-3_s1,4682788,salehkaleybars,ResNet18,CIFAR10,100,?,AdamW,?,,3e-3,1,1,none,,na,na,1,100,100,90.15,87.04,91.61,0,node883,31,env,,0,19,32,86,86.368,1
bx-2e-3-s1,4687539,salehkaleybars,ResNet18,CIFAR10,100,?,AdamW,?,,2e-3,1,1,none,,na,na,1,100,100,94.79,94.7,99.98,0,node887,30,env,,0,13,24,39,94.373,20
fxcos_1e-3_s1,4683255,salehkaleybars,ResNet18,CIFAR10,100,?,AdamW,?,,1e-3,1,1,none,,na,na,1,100,100,94.41,94.35,99.99,0,node885,31,env,,0,11,13,24,94.092,16
bl-adw-1e-2-s1,4687300,salehkaleybars,ResNet18,CIFAR10,100,?,AdamW,?,,1e-2,1,1,none,,na,na,1,100,100,93.98,93.97,99.79,0,node883,30,env,,0,61,65,78,92.91,5
fx_adamw_1e-3_s1,4682786,salehkaleybars,ResNet18,CIFAR10,100,?,AdamW,?,,1e-3,1,1,none,,na,na,1,100,100,91.73,89.36,96.37,0,node882,31,env,,0,15,22,34,90.301,65
fx_adamw_3e-4_s1,4682784,salehkaleybars,ResNet18,CIFAR10,100,?,AdamW,?,,3e-4,1,1,none,,na,na,1,100,100,92.59,91.23,98.76,0,node887,31,env,,0,17,25,31,91.739,24
bx-5e-3-s1,4687540,salehkaleybars,ResNet18,CIFAR10,100,?,AdamW,?,,5e-3,1,1,none,,na,na,1,100,100,95.01,94.94,99.97,0,node886,30,env,,0,23,48,67,94.259,7
bl-adw-1e-2-s2,4687301,salehkaleybars,ResNet18,CIFAR10,100,?,AdamW,?,,1e-2,1,1,none,,na,na,2,100,100,93.69,93.65,99.76,0,node885,30,env,,0,60,68,78,92.759,6
fxcos_1e-4_s2,4683250,salehkaleybars,ResNet18,CIFAR10,100,?,AdamW,?,,1e-4,1,1,none,,na,na,2,100,100,92.69,92.62,100.0,0,node887,31,env,,0,13,21,33,92.584,25
fx_adamw_1e-4_s2,4683242,salehkaleybars,ResNet18,CIFAR10,100,?,AdamW,?,,1e-4,1,1,none,,na,na,2,100,100,91.84,91.75,98.91,0,node887,31,env,,0,23,28,50,91.151,44
bx-2e-3-s2,4687541,salehkaleybars,ResNet18,CIFAR10,100,?,AdamW,?,,2e-3,1,1,none,,na,na,2,100,100,94.7,94.65,99.99,0,node883,30,env,,0,11,20,32,94.373,18
fx_adamw_3e-4_s2,4683245,salehkaleybars,ResNet18,CIFAR10,100,?,AdamW,?,,3e-4,1,1,none,,na,na,2,100,100,92.59,91.92,98.81,0,node887,31,env,,0,14,23,30,91.938,23
fxcos-3e-3-s2,4683739,salehkaleybars,ResNet18,CIFAR10,100,?,AdamW,?,,3e-3,1,1,none,,na,na,2,100,100,94.96,94.96,99.97,0,node884,31,env,,0,12,32,47,94.499,14
bg600_cos_s2,4683674,salehkaleybars,ResNet18,CIFAR10,100,?,AdamW,?,,1e-3,1,1,none,,na,na,2,137,600,92.08,90.44,96.8,0,node868,,env,,0,13,25,29,90.687,87
fxcos_1e-3_s2,4683256,salehkaleybars,ResNet18,CIFAR10,100,?,AdamW,?,,1e-3,1,1,none,,na,na,2,100,100,94.18,94.18,99.99,0,node858,64,env,,0,10,17,23,94.058,16
bg300_cos_s2,4683668,salehkaleybars,ResNet18,CIFAR10,100,?,AdamW,?,,1e-3,1,1,none,,na,na,2,300,300,95.14,95.02,100.0,0,node886,93,env,,0,13,23,27,95.04,78
bx-5e-3-s2,4687542,salehkaleybars,ResNet18,CIFAR10,100,?,AdamW,?,,5e-3,1,1,none,,na,na,2,100,100,94.73,94.73,99.95,0,node883,31,env,,0,30,49,65,94.151,10
fxcos_3e-4_s2,4683253,salehkaleybars,ResNet18,CIFAR10,100,?,AdamW,?,,3e-4,1,1,none,,na,na,2,100,100,94.15,94.15,99.99,0,node886,31,env,,0,10,15,26,94.016,14
fxcos-3e-4-s3,4683734,salehkaleybars,ResNet18,CIFAR10,100,?,AdamW,?,,3e-4,1,1,none,,na,na,3,100,100,94.08,93.98,100.0,0,node884,31,env,,0,11,17,23,93.866,15
bx-3e-3-s3,4687547,salehkaleybars,ResNet18,CIFAR10,100,?,AdamW,?,,3e-3,1,1,none,,na,na,3,100,100,94.69,94.43,99.98,0,node887,30,env,,0,15,32,54,94.236,16
bl-adw-3e-4-s3,4687305,salehkaleybars,ResNet18,CIFAR10,100,?,AdamW,?,,3e-4,1,1,none,,na,na,3,100,100,94.09,94.09,99.99,0,node883,30,env,,0,11,16,23,93.877,12
bx-2e-3-s3,4687543,salehkaleybars,ResNet18,CIFAR10,100,?,AdamW,?,,2e-3,1,1,none,,na,na,3,100,100,94.97,94.84,99.99,0,node883,30,env,,0,12,21,33,94.611,18
fxcos-1e-3-s3,4683733,salehkaleybars,ResNet18,CIFAR10,100,?,AdamW,?,,1e-3,1,1,none,,na,na,3,100,100,94.32,94.32,99.99,0,node885,31,env,,0,12,14,21,94.112,18
fx_adamw_3e-4_s3,4683246,salehkaleybars,ResNet18,CIFAR10,100,?,AdamW,?,,3e-4,1,1,none,,na,na,3,100,100,92.53,92.33,98.76,0,node885,31,env,,0,16,24,32,92.024,16
bx-5e-3-s3,4687544,salehkaleybars,ResNet18,CIFAR10,100,?,AdamW,?,,5e-3,1,1,none,,na,na,3,100,100,94.62,94.51,99.96,0,node885,31,env,,0,33,46,63,94.066,9
fx_adamw_1e-4_s3,4683243,salehkaleybars,ResNet18,CIFAR10,100,?,AdamW,?,,1e-4,1,1,none,,na,na,3,100,100,91.96,91.74,99.06,0,node886,31,env,,0,23,32,45,91.306,35
bl-adw-1e-2-s3,4687302,salehkaleybars,ResNet18,CIFAR10,100,?,AdamW,?,,1e-2,1,1,none,,na,na,3,100,100,93.34,93.32,99.75,0,node883,30,env,,0,55,69,73,92.451,9
bl-adw-1e-3-s3,4687304,salehkaleybars,ResNet18,CIFAR10,100,?,AdamW,?,,1e-3,1,1,none,,na,na,3,100,100,94.0,93.97,99.99,0,node886,30,env,,0,12,17,25,93.851,19
bl-adw-1e-3-s4,4687306,salehkaleybars,ResNet18,CIFAR10,100,?,AdamW,?,,1e-3,1,1,none,,na,na,4,100,100,94.28,94.23,99.98,0,node883,31,env,,0,11,17,26,94.064,21
fxcos-3e-4-s4,4683736,salehkaleybars,ResNet18,CIFAR10,100,?,AdamW,?,,3e-4,1,1,none,,na,na,4,100,100,94.01,93.94,99.99,0,node885,31,env,,0,11,19,23,93.843,14
bl-adw-1e-2-s4,4687303,salehkaleybars,ResNet18,CIFAR10,100,?,AdamW,?,,1e-2,1,1,none,,na,na,4,100,100,94.07,94.07,99.77,0,node859,61,env,,0,53,70,77,93.005,5
fxcos-1e-3-s4,4683735,salehkaleybars,ResNet18,CIFAR10,100,?,AdamW,?,,1e-3,1,1,none,,na,na,4,100,100,94.39,94.39,99.99,0,node884,31,env,,0,11,17,22,94.162,19
bx-2e-3-s4,4687545,salehkaleybars,ResNet18,CIFAR10,100,?,AdamW,?,,2e-3,1,1,none,,na,na,4,100,100,94.87,94.81,99.98,0,node859,62,env,,0,11,21,26,94.385,21
fx_adamw_1e-4_s4,4683244,salehkaleybars,ResNet18,CIFAR10,100,?,AdamW,?,,1e-4,1,1,none,,na,na,4,100,100,91.57,89.77,99.0,0,node886,31,env,,0,22,37,54,90.829,49
fx_adamw_3e-4_s4,4683247,salehkaleybars,ResNet18,CIFAR10,100,?,AdamW,?,,3e-4,1,1,none,,na,na,4,100,100,92.27,92.09,98.74,0,node882,31,env,,0,18,26,32,91.715,23
bx-3e-3-s4,4687548,salehkaleybars,ResNet18,CIFAR10,100,?,AdamW,?,,3e-3,1,1,none,,na,na,4,100,100,94.82,94.69,99.99,0,node886,30,env,,0,19,25,50,94.323,11
bl-adw-3e-4-s4,4687307,salehkaleybars,ResNet18,CIFAR10,100,?,AdamW,?,,3e-4,1,1,none,,na,na,4,100,100,94.05,93.96,99.99,0,node883,30,env,,0,12,19,20,93.869,11
bx-5e-3-s4,4687546,salehkaleybars,ResNet18,CIFAR10,100,?,AdamW,?,,5e-3,1,1,none,,na,na,4,100,100,94.77,94.68,99.96,0,node887,31,env,,0,27,37,60,94.113,7
pp_layer_s0,4683703,salehkaleybars,ResNet18,CIFAR10,100,layerwise,AdamW,Adam,1e-3,1e-6,1,0,-15:-2.3026,,na,na,0,100,100,73.37,73.11,99.97,0,node887,36,env,,0,,,,73.04,0
bg300_meta_s0,4683665,salehkaleybars,ResNet18,CIFAR10,100,layerwise,AdamW,Adam,1e-3,1e-4,1,1,-15:-2.3026,additive,na,0.06,0,253,300,93.17,93.0,99.99,0,node881,,env,,0,7,9,12,93.013,8
dc-awscal-a1e3-s0,4683409,salehkaleybars,ResNet18,CIFAR10,100,layerwise,AdamW,Adam,1e-3,1e-3,1,1,-15:-2.3026,,na,na,0,100,100,91.12,90.74,99.91,0,node887,39,env,,0,9,13,29,90.819,80
dc-aw-a1e3-s0,4683407,salehkaleybars,ResNet18,CIFAR10,100,layerwise,AdamW,Adam,1e-3,1e-3,1,1,-15:-2.3026,additive,na,0.06,0,100,100,91.76,91.4,99.89,0,node885,40,env,,0,9,12,21,91.489,31
bg600_meta_s0,4683671,salehkaleybars,ResNet18,CIFAR10,100,layerwise,AdamW,Adam,1e-3,1e-4,1,1,-15:-2.3026,additive,na,0.06,0,198,600,93.21,93.04,99.98,0,node883,,env,,0,7,9,12,92.96,5
dc-aw-a1e4-s0,4683408,salehkaleybars,ResNet18,CIFAR10,100,layerwise,AdamW,Adam,1e-3,1e-4,1,1,-15:-2.3026,additive,na,0.06,0,100,100,93.02,92.78,99.89,0,node887,40,env,,0,7,10,13,92.748,8
dc-awscal-a1e3-s1,4683414,salehkaleybars,ResNet18,CIFAR10,100,layerwise,AdamW,Adam,1e-3,1e-3,1,1,-15:-2.3026,,na,na,1,100,100,91.36,90.99,99.89,0,node883,39,env,,0,9,15,29,91.041,61
pp_layer_s1,4683704,salehkaleybars,ResNet18,CIFAR10,100,layerwise,AdamW,Adam,1e-3,1e-6,1,0,-15:-2.3026,,na,na,1,100,100,74.35,73.89,99.99,0,node887,36,env,,0,,,,73.858,0
bg600_meta_s1,4683673,salehkaleybars,ResNet18,CIFAR10,100,layerwise,AdamW,Adam,1e-3,1e-4,1,1,-15:-2.3026,additive,na,0.06,1,80,600,93.02,92.82,99.85,0,node853,,env,,0,8,10,13,92.695,6
bg300_meta_s1,4683667,salehkaleybars,ResNet18,CIFAR10,100,layerwise,AdamW,Adam,1e-3,1e-4,1,1,-15:-2.3026,additive,na,0.06,1,254,300,93.35,93.21,99.99,0,node885,,env,,0,7,8,11,93.13,5
dc-aw-a1e3-s1,4683412,salehkaleybars,ResNet18,CIFAR10,100,layerwise,AdamW,Adam,1e-3,1e-3,1,1,-15:-2.3026,additive,na,0.06,1,100,100,91.92,91.49,99.93,0,node887,40,env,,0,8,11,18,91.52,30
dc-aw-a1e4-s1,4683413,salehkaleybars,ResNet18,CIFAR10,100,layerwise,AdamW,Adam,1e-3,1e-4,1,1,-15:-2.3026,additive,na,0.06,1,100,100,92.96,92.94,99.92,0,node881,39,env,,0,7,9,13,92.713,5
dc-awscal-a1e3-s2,4683419,salehkaleybars,ResNet18,CIFAR10,100,layerwise,AdamW,Adam,1e-3,1e-3,1,1,-15:-2.3026,,na,na,2,100,100,91.43,91.05,99.91,0,node887,40,env,,0,10,17,32,91.062,67
pp_layer_s2,4683705,salehkaleybars,ResNet18,CIFAR10,100,layerwise,AdamW,Adam,1e-3,1e-6,1,0,-15:-2.3026,,na,na,2,100,100,73.96,73.25,99.98,0,node884,35,env,,0,,,,73.34,0
dc-aw-a1e3-s2,4683417,salehkaleybars,ResNet18,CIFAR10,100,layerwise,AdamW,Adam,1e-3,1e-3,1,1,-15:-2.3026,additive,na,0.06,2,100,100,91.72,91.5,99.9,0,node880,39,env,,0,8,14,22,91.335,46
dc-aw-a1e4-s2,4683418,salehkaleybars,ResNet18,CIFAR10,100,layerwise,AdamW,Adam,1e-3,1e-4,1,1,-15:-2.3026,additive,na,0.06,2,100,100,93.06,92.98,99.89,0,node881,40,env,,0,7,9,12,92.805,6
bg300_meta_s2,4683669,salehkaleybars,ResNet18,CIFAR10,100,layerwise,AdamW,Adam,1e-3,1e-4,1,1,-15:-2.3026,additive,na,0.06,2,250,300,93.08,92.83,99.99,0,node884,,env,,0,8,9,12,92.819,9
dc-aw-a1e4-s3,4683423,salehkaleybars,ResNet18,CIFAR10,100,layerwise,AdamW,Adam,1e-3,1e-4,1,1,-15:-2.3026,additive,na,0.06,3,100,100,92.67,92.3,99.94,0,node885,39,env,,0,6,9,11,92.48,8
dc-awscal-a1e3-s3,4683424,salehkaleybars,ResNet18,CIFAR10,100,layerwise,AdamW,Adam,1e-3,1e-3,1,1,-15:-2.3026,,na,na,3,100,100,90.83,90.8,99.9,0,node886,39,env,,0,9,16,34,90.625,79
dc-aw-a1e3-s3,4683422,salehkaleybars,ResNet18,CIFAR10,100,layerwise,AdamW,Adam,1e-3,1e-3,1,1,-15:-2.3026,additive,na,0.06,3,100,100,91.67,91.47,99.89,0,node886,40,env,,0,8,11,20,91.422,37
dc-awscal-a1e3-s4,4683429,salehkaleybars,ResNet18,CIFAR10,100,layerwise,AdamW,Adam,1e-3,1e-3,1,1,-15:-2.3026,,na,na,4,100,100,91.16,91.16,99.92,0,node882,39,env,,0,8,14,27,90.853,72
dc-aw-a1e4-s4,4683428,salehkaleybars,ResNet18,CIFAR10,100,layerwise,AdamW,Adam,1e-3,1e-4,1,1,-15:-2.3026,additive,na,0.06,4,100,100,92.8,92.34,99.9,0,node882,40,env,,0,8,10,11,92.547,6
dc-aw-a1e3-s4,4683427,salehkaleybars,ResNet18,CIFAR10,100,layerwise,AdamW,Adam,1e-3,1e-3,1,1,-15:-2.3026,additive,na,0.06,4,100,100,91.37,91.23,99.88,0,node880,39,env,,0,8,12,20,91.095,59
pp_blk6_s0,4683700,salehkaleybars,ResNet18,CIFAR10,100,resnet18_blocks,AdamW,Adam,1e-3,1e-6,1,0,-15:-2.3026,,na,na,0,100,100,74.77,73.99,99.97,0,node886,39,env,,0,,,,74.049,0
pp_blk6_s1,4683701,salehkaleybars,ResNet18,CIFAR10,100,resnet18_blocks,AdamW,Adam,1e-3,1e-6,1,0,-15:-2.3026,,na,na,1,100,100,74.92,74.15,99.98,0,node885,39,env,,0,,,,74.189,0
pp_blk6_s2,4683702,salehkaleybars,ResNet18,CIFAR10,100,resnet18_blocks,AdamW,Adam,1e-3,1e-6,1,0,-15:-2.3026,,na,na,2,100,100,75.27,75.27,99.98,0,node884,39,env,,0,,,,74.547,0
pp_scal_s0,4683697,salehkaleybars,ResNet18,CIFAR10,100,scalar,AdamW,Adam,1e-3,1e-6,1,0,-15:-2.3026,,na,na,0,100,100,74.04,73.81,100.0,0,node883,39,env,,0,,,,73.596,0
pp_scal_s1,4683698,salehkaleybars,ResNet18,CIFAR10,100,scalar,AdamW,Adam,1e-3,1e-6,1,0,-15:-2.3026,,na,na,1,100,100,73.95,73.95,100.0,0,node883,39,env,,0,,,,73.256,0
pp_scal_s2,4683699,salehkaleybars,ResNet18,CIFAR10,100,scalar,AdamW,Adam,1e-3,1e-6,1,0,-15:-2.3026,,na,na,2,100,100,74.77,74.22,100.0,0,node881,39,env,,0,,,,73.858,0
gate0c_blk6_m2_s0,4652599,salehkaleybars,ResNet18,CIFAR10,100,resnet18_blocks,HF,?,1e-2,1e-6,1,?,none,,na,na,0,100,100,91.89,90.47,99.53,0,node880,44,inferred,,0,10,17,24,91.514,35
gate0b_blk6_s0,4651338,salehkaleybars,ResNet18,CIFAR10,100,resnet18_blocks,HF,?,1e-3,1e-6,1,?,none,,na,na,0,100,100,66.8,66.54,100.0,0,node873,31,inferred,,0,,,,66.326,0
gate0c_blk6_m3_s0,4652594,salehkaleybars,ResNet18,CIFAR10,100,resnet18_blocks,HF,?,1e-3,1e-6,1,?,none,,na,na,0,100,100,91.96,91.76,99.62,0,node887,44,inferred,,0,11,17,35,91.383,35
gate0c_blk6_m3_s1,4652598,salehkaleybars,ResNet18,CIFAR10,100,resnet18_blocks,HF,?,1e-3,1e-6,1,?,none,,na,na,1,100,100,91.56,91.56,99.73,0,node881,44,inferred,,0,14,19,33,91.188,46
gate0b_blk6_s1,4651339,salehkaleybars,ResNet18,CIFAR10,100,resnet18_blocks,HF,?,1e-3,1e-6,1,?,none,,na,na,1,100,100,66.14,65.52,100.0,0,node872,31,inferred,,0,,,,65.468,0
gate0_6block_s1,4650665,salehkaleybars,ResNet18,CIFAR10,100,resnet18_blocks,HF,?,,1e-6,,?,none,,na,na,1,100,100,75.47,75.05,99.9,0,node881,39,inferred,,0,,,,74.944,0
gate0c_blk6_m2_s1,4652600,salehkaleybars,ResNet18,CIFAR10,100,resnet18_blocks,HF,?,1e-2,1e-6,1,?,none,,na,na,1,85,100,91.68,91.5,99.58,0,node851,78,inferred,,0,10,15,22,91.006,46
gate0b_blk6_s2,4651340,salehkaleybars,ResNet18,CIFAR10,100,resnet18_blocks,HF,?,1e-3,1e-6,1,?,none,,na,na,2,100,100,65.99,65.7,100.0,0,node887,39,inferred,,0,,,,65.651,0
gate0c_scal_m3_s0,4652590,salehkaleybars,ResNet18,CIFAR10,100,scalar,HF,?,1e-3,1e-6,1,?,none,,na,na,0,100,100,92.21,91.64,99.66,0,node887,44,inferred,,0,14,17,33,91.657,33
gate0b_scal_s0,4651335,salehkaleybars,ResNet18,CIFAR10,100,scalar,HF,?,1e-3,1e-6,1,?,none,,na,na,0,100,100,69.09,68.52,100.0,0,node887,39,inferred,,0,,,,68.363,0
gate0c_scal_m2_s0,4652592,salehkaleybars,ResNet18,CIFAR10,100,scalar,HF,?,1e-2,1e-6,1,?,none,,na,na,0,100,100,92.46,92.08,98.8,0,node885,44,inferred,,0,10,16,25,91.719,32
gate0c_scal_m2_s1,4652593,salehkaleybars,ResNet18,CIFAR10,100,scalar,HF,?,1e-2,1e-6,1,?,none,,na,na,1,81,100,92.46,91.75,99.28,0,node851,78,inferred,,0,10,19,25,91.293,32
gate0b_scal_s1,4651336,salehkaleybars,ResNet18,CIFAR10,100,scalar,HF,?,1e-3,1e-6,1,?,none,,na,na,1,100,100,69.24,68.95,100.0,0,node864,44,inferred,,0,,,,68.785,0
gate0c_scal_m3_s1,4652591,salehkaleybars,ResNet18,CIFAR10,100,scalar,HF,?,1e-3,1e-6,1,?,none,,na,na,1,100,100,92.05,91.72,99.63,0,node887,44,inferred,,0,14,22,34,91.579,38
gate0_scalar_s1,4650664,salehkaleybars,ResNet18,CIFAR10,100,scalar,HF,?,,1e-6,,?,none,,na,na,1,100,100,76.17,75.81,99.67,0,node881,39,inferred,,0,,,,75.951,0
gate0b_scal_s2,4651337,salehkaleybars,ResNet18,CIFAR10,100,scalar,HF,?,1e-3,1e-6,1,?,none,,na,na,2,100,100,69.16,68.87,99.97,0,node873,31,inferred,,0,,,,68.734,0
bl-smoke,4687278,salehkaleybars,ResNet18,CIFAR10,100,?,SGD,?,,0.1,1,1,none,,na,na,0,2,2,66.38,66.38,60.13,0,node883,0,env,,0,,,,,0
bl-sgd-001-s0,4687279,salehkaleybars,ResNet18,CIFAR10,100,?,SGD,?,,0.01,1,1,none,,na,na,0,100,100,94.26,94.06,99.99,0,node884,29,env,,0,8,16,27,94.106,17
bl-sgd-03-s0,4687282,salehkaleybars,ResNet18,CIFAR10,100,?,SGD,?,,0.3,1,1,none,,na,na,0,100,100,94.12,94.07,99.83,0,node884,29,env,,0,69,76,82,92.679,4
bl-sgd-003-s0,4687280,salehkaleybars,ResNet18,CIFAR10,100,?,SGD,?,,0.03,1,1,none,,na,na,0,100,100,94.76,94.66,99.99,0,node886,29,env,,0,10,18,37,94.642,22
bl-sgd-01-s0,4687281,salehkaleybars,ResNet18,CIFAR10,100,?,SGD,?,,0.1,1,1,none,,na,na,0,100,100,95.26,95.25,99.97,0,node884,29,env,,0,33,53,56,94.733,8
bl-sgd-03-s1,4687286,salehkaleybars,ResNet18,CIFAR10,100,?,SGD,?,,0.3,1,1,none,,na,na,1,100,100,94.21,94.17,99.85,0,node881,29,env,,0,67,79,82,92.591,5
bl-sgd-003-s1,4687284,salehkaleybars,ResNet18,CIFAR10,100,?,SGD,?,,0.03,1,1,none,,na,na,1,100,100,94.97,94.86,99.99,0,node883,29,env,,0,13,16,30,94.822,17
bl-sgd-01-s1,4687285,salehkaleybars,ResNet18,CIFAR10,100,?,SGD,?,,0.1,1,1,none,,na,na,1,100,100,95.34,95.34,99.97,0,node886,29,env,,0,29,55,64,94.775,8
bl-sgd-001-s1,4687283,salehkaleybars,ResNet18,CIFAR10,100,?,SGD,?,,0.01,1,1,none,,na,na,1,100,100,94.3,94.22,99.99,0,node883,29,env,,0,10,15,24,94.156,14
bl-sgd-01-s2,4687289,salehkaleybars,ResNet18,CIFAR10,100,?,SGD,?,,0.1,1,1,none,,na,na,2,100,100,95.12,95.03,99.97,0,node886,29,env,,0,27,54,65,94.541,13
bl-sgd-03-s2,4687290,salehkaleybars,ResNet18,CIFAR10,100,?,SGD,?,,0.3,1,1,none,,na,na,2,100,100,94.52,94.5,99.83,0,node885,29,env,,0,68,72,80,92.818,5
bl-sgd-003-s2,4687288,salehkaleybars,ResNet18,CIFAR10,100,?,SGD,?,,0.03,1,1,none,,na,na,2,100,100,94.87,94.72,99.99,0,node884,29,env,,0,11,17,27,94.712,19
bl-sgd-001-s2,4687287,salehkaleybars,ResNet18,CIFAR10,100,?,SGD,?,,0.01,1,1,none,,na,na,2,100,100,94.28,94.09,100.0,0,node883,29,env,,0,10,17,28,94.129,15
bl-sgd-003-s3,4687292,salehkaleybars,ResNet18,CIFAR10,100,?,SGD,?,,0.03,1,1,none,,na,na,3,100,100,94.97,94.84,99.98,0,node884,29,env,,0,12,18,33,94.766,18
bl-sgd-001-s3,4687291,salehkaleybars,ResNet18,CIFAR10,100,?,SGD,?,,0.01,1,1,none,,na,na,3,100,100,94.27,94.2,99.99,0,node886,29,env,,0,9,16,23,94.15,19
bl-sgd-03-s3,4687294,salehkaleybars,ResNet18,CIFAR10,100,?,SGD,?,,0.3,1,1,none,,na,na,3,100,100,94.09,94.09,99.84,0,node859,60,env,,0,66,78,84,92.403,3
bl-sgd-01-s3,4687293,salehkaleybars,ResNet18,CIFAR10,100,?,SGD,?,,0.1,1,1,none,,na,na,3,100,100,95.1,95.05,99.96,0,node884,29,env,,0,33,55,59,94.679,11
bl-sgd-003-s4,4687296,salehkaleybars,ResNet18,CIFAR10,100,?,SGD,?,,0.03,1,1,none,,na,na,4,100,100,95.04,95.04,99.99,0,node883,29,env,,0,12,17,39,94.892,23
bl-sgd-03-s4,4687298,salehkaleybars,ResNet18,CIFAR10,100,?,SGD,?,,0.3,1,1,none,,na,na,4,100,100,94.35,94.33,99.8,0,node881,29,env,,0,66,78,82,92.87,4
bl-sgd-01-s4,4687297,salehkaleybars,ResNet18,CIFAR10,100,?,SGD,?,,0.1,1,1,none,,na,na,4,100,100,95.17,95.04,99.97,0,node886,29,env,,0,25,50,64,94.683,8
bl-sgd-001-s4,4687295,salehkaleybars,ResNet18,CIFAR10,100,?,SGD,?,,0.01,1,1,none,,na,na,4,100,100,94.3,94.22,99.99,0,node883,29,env,,0,11,15,26,94.203,14
m1a3-r0-s0,4683568,salehkaleybars,ResNet18,CIFAR10,100,layerwise,SGDm,Lion,1e-3,1e-3,1,1,-15:-2.3026,additive,na,0,0,100,100,92.53,92.17,98.11,0,node858,72,env,,0,18,20,24,92.308,5
zsw-l-r07_s0,4681682,salehkaleybars,ResNet18,CIFAR10,100,layerwise,SGDm,Lion,1e-3,1e-6,1,1,-15:-2.3026,zpool,na,0.7,0,100,100,89.39,89.15,98.84,0,node880,31,env,,0,32,50,,88.993,10
rs-lay-3e5-s0,4700359,salehkaleybars,ResNet18,CIFAR10,100,layerwise,SGDm,Lion,3e-5,1e-3,1,1,-15:-2.3026,,na,na,0,100,100,92.77,92.07,98.08,0,node887,31,env,,0,31,40,53,91.745,25
zb-l-r0,4681230,salehkaleybars,ResNet18,CIFAR10,100,layerwise,SGDm,Lion,1e-3,1e-6,1,1,-15:-2.3026,zpool,na,0,0,20,20,71.07,71.07,70.88,0,node887,6,env,,0,,,,32.49,0
zsw-l-r0_s0,4681674,salehkaleybars,ResNet18,CIFAR10,100,layerwise,SGDm,Lion,1e-3,1e-6,1,1,-15:-2.3026,zpool,na,0,0,100,100,88.12,87.97,93.64,0,node881,31,env,,0,39,85,,87.854,0
p3-lay-plain,4681087,salehkaleybars,ResNet18,CIFAR10,100,layerwise,SGDm,Lion,1e-3,1e-3,1,1,-15:-2.3026,,na,na,0,20,20,88.23,88.23,91.72,0,node885,6,env,,0,14,20,,75.296,0
zb-l-r05,4681232,salehkaleybars,ResNet18,CIFAR10,100,layerwise,SGDm,Lion,1e-3,1e-6,1,1,-15:-2.3026,zpool,na,0.5,0,20,20,71.36,71.36,70.97,0,node887,6,env,,0,,,,32.476,0
c100disc-c10,4683258,salehkaleybars,ResNet18,CIFAR10,100,layerwise,SGDm,Lion,1e-3,1e-3,1,1,-15:-2.3026,,na,na,0,5,5,67.37,67.37,63.38,0,node882,1,env,,0,,,,,0
zsw-l-r05_s0,4681680,salehkaleybars,ResNet18,CIFAR10,100,layerwise,SGDm,Lion,1e-3,1e-6,1,1,-15:-2.3026,zpool,na,0.5,0,100,100,89.5,89.3,98.7,0,node887,31,env,,0,33,51,,89.119,18
a0L-lsh01-1e4_s0,4680944,salehkaleybars,ResNet18,CIFAR10,100,layerwise,SGDm,Lion,1e-3,1e-4,1,1,-15:-2.3026,shrink,0.1,na,0,100,100,92.74,92.48,97.99,0,node887,31,env,,0,24,26,31,92.281,9
ac-r008-s0,4687204,salehkaleybars,ResNet18,CIFAR10,100,layerwise,SGDm,Lion,1e-3,1e-3,1,1,-15:-2.3026,additive,na,0.08,0,100,100,92.7,92.47,99.22,0,node881,31,env,,0,17,19,22,92.192,3
hs-l-lam01_s0,4680586,salehkaleybars,ResNet18,CIFAR10,100,layerwise,SGDm,Lion,1e-3,1e-6,1,?,-15:-2.3026,shrink,0.1,na,0,100,100,92.55,92.46,97.8,0,node886,31,inferred,,0,36,39,42,92.3,4
a0h-lsh01-1e6_s0,4680823,salehkaleybars,ResNet18,CIFAR10,100,layerwise,SGDm,Lion,1e-3,1e-6,1,1,-15:-2.3026,shrink,0.1,na,0,100,100,92.53,92.15,97.64,0,node851,77,env,,0,37,38,42,92.239,3
v_layerwise,4679110,salehkaleybars,ResNet18,CIFAR10,100,layerwise,SGDm,Lion,1e-3,1e-6,1,?,none,,na,na,0,3,3,13.19,13.19,13.01,0,node851,2,inferred,,0,,,,,0
e300-lplain_s0,4680995,salehkaleybars,ResNet18,CIFAR10,100,layerwise,SGDm,Lion,1e-3,1e-3,1,1,-15:-2.3026,,na,na,0,300,300,92.2,92.06,99.99,0,node886,91,env,,0,14,23,40,92.02,43
a0L-lplain-1e3_s0,4680939,salehkaleybars,ResNet18,CIFAR10,100,layerwise,SGDm,Lion,1e-3,1e-3,1,1,-15:-2.3026,,na,na,0,100,100,91.6,91.16,99.88,0,node886,31,env,,0,13,23,38,91.225,46
g3_sgdmAdam_layer_s0,4679442,salehkaleybars,ResNet18,CIFAR10,100,layerwise,SGDm,Adam,1e-3,1e-6,1,?,none,,na,na,0,100,100,91.11,90.62,99.73,0,node885,31,inferred,,0,15,26,48,90.588,64
zv-l-r0,4681113,salehkaleybars,ResNet18,CIFAR10,100,layerwise,SGDm,Lion,1e-3,1e-6,1,1,-15:-2.3026,zpool,na,0,0,4,4,13.49,13.49,13.46,0,node887,1,env,,0,,,,,0
hv_lam1,4679630,salehkaleybars,ResNet18,CIFAR10,100,layerwise,SGDm,Lion,1e-3,1e-6,1,?,-15:-2.3026,shrink,1,na,0,4,4,13.36,13.36,13.4,0,node885,1,inferred,,0,,,,,0
a0L-lsh01-1e6_s0,4680948,salehkaleybars,ResNet18,CIFAR10,100,layerwise,SGDm,Lion,1e-3,1e-6,1,1,-15:-2.3026,shrink,0.1,na,0,100,100,92.79,92.79,97.76,0,node881,31,env,,0,35,38,41,92.461,4
m1a3-r01-s0,4683574,salehkaleybars,ResNet18,CIFAR10,100,layerwise,SGDm,Lion,1e-3,1e-3,1,1,-15:-2.3026,additive,na,0.1,0,100,100,92.6,92.22,99.36,0,node880,31,env,,0,17,19,22,92.229,2
d2_layer_s0,4679314,salehkaleybars,ResNet18,CIFAR10,100,layerwise,SGDm,Lion,1e-3,1e-6,1,?,none,,na,na,0,100,100,91.22,91.06,99.55,0,node886,31,inferred,,0,28,36,58,90.945,46
zm0-l-r1,4682710,salehkaleybars,ResNet18,CIFAR10,100,layerwise,SGDm,Lion,1e-3,1e-6,1,1,-15:-2.3026,zmpool,na,1,0,20,20,74.23,74.23,73.21,0,node858,14,env,,0,,,,32.972,0
a0h-lplain-1e6_s0,4680822,salehkaleybars,ResNet18,CIFAR10,100,layerwise,SGDm,Lion,1e-3,1e-6,1,1,-15:-2.3026,,na,na,0,100,100,91.28,90.68,99.6,0,node859,72,env,,0,29,35,51,90.859,50
hv_ratio1,4679629,salehkaleybars,ResNet18,CIFAR10,100,layerwise,SGDm,Lion,1e-3,1e-6,1,?,-15:-2.3026,additive,na,1,0,4,4,13.49,13.49,13.46,0,node885,1,inferred,,0,,,,,0
zm0-ref-layer,4682708,salehkaleybars,ResNet18,CIFAR10,100,layerwise,SGDm,Lion,1e-3,1e-6,1,1,-15:-2.3026,,na,na,0,20,20,73.04,73.04,73.05,0,node858,14,env,,0,,,,33.062,0
zv-ref-layer,4681111,salehkaleybars,ResNet18,CIFAR10,100,layerwise,SGDm,Lion,1e-3,1e-6,1,1,-15:-2.3026,,na,na,0,4,4,13.51,13.51,13.47,0,node887,1,env,,0,,,,,0
p3-lay-L1p0,4681084,salehkaleybars,ResNet18,CIFAR10,100,layerwise,SGDm,Lion,1e-3,1e-3,1,1,-15:-2.3026,shrink,1.0,na,0,20,20,88.34,88.34,89.05,0,node887,6,env,,0,18,20,,69.88,0
zm0-l-r0,4682712,salehkaleybars,ResNet18,CIFAR10,100,layerwise,SGDm,Lion,1e-3,1e-6,1,1,-15:-2.3026,zmpool,na,0,0,20,20,71.13,71.13,70.66,0,node858,14,env,,0,,,,32.297,0
hv_lam0,4679628,salehkaleybars,ResNet18,CIFAR10,100,layerwise,SGDm,Lion,1e-3,1e-6,1,?,-15:-2.3026,shrink,0,na,0,4,4,13.49,13.49,13.47,0,node885,1,inferred,,0,,,,,0
a0L-lsh01-1e3_s0,4680940,salehkaleybars,ResNet18,CIFAR10,100,layerwise,SGDm,Lion,1e-3,1e-3,1,1,-15:-2.3026,shrink,0.1,na,0,100,100,92.66,92.42,98.18,0,node886,30,env,,0,18,20,24,92.443,8
h2-l-L0p01_s0,4680677,salehkaleybars,ResNet18,CIFAR10,100,layerwise,SGDm,Lion,1e-3,1e-6,1,1,-15:-2.3026,shrink,0.01,na,0,100,100,92.68,92.57,97.95,0,node885,31,env,,0,36,37,41,92.31,2
m1a3-r02-s0,4683577,salehkaleybars,ResNet18,CIFAR10,100,layerwise,SGDm,Lion,1e-3,1e-3,1,1,-15:-2.3026,additive,na,0.2,0,100,100,92.47,92.25,99.84,0,node880,30,env,,0,14,18,22,92.188,8
ac-r004-s0,4687203,salehkaleybars,ResNet18,CIFAR10,100,layerwise,SGDm,Lion,1e-3,1e-3,1,1,-15:-2.3026,additive,na,0.04,0,100,100,92.41,92.27,98.37,0,node880,30,env,,0,18,19,22,92.033,3
ac-r002-s0,4687202,salehkaleybars,ResNet18,CIFAR10,100,layerwise,SGDm,Lion,1e-3,1e-3,1,1,-15:-2.3026,additive,na,0.02,0,100,100,92.5,92.34,98.21,0,node883,30,env,,0,17,19,23,92.179,4
h2-l-L0p5_s0,4680678,salehkaleybars,ResNet18,CIFAR10,100,layerwise,SGDm,Lion,1e-3,1e-6,1,1,-15:-2.3026,shrink,0.5,na,0,100,100,92.51,92.51,97.79,0,node885,30,env,,0,36,38,42,92.255,4
zv-l-r1,4681114,salehkaleybars,ResNet18,CIFAR10,100,layerwise,SGDm,Lion,1e-3,1e-6,1,1,-15:-2.3026,zpool,na,1,0,4,4,13.49,13.49,13.47,0,node887,1,env,,0,,,,,0
mx-add-r005-s0,4682873,salehkaleybars,ResNet18,CIFAR10,100,layerwise,SGDm,Lion,1e-3,1e-6,1,1,-15:-2.3026,additive,na,0.05,0,100,100,93.51,93.18,99.56,0,node881,31,env,,0,35,40,42,93.103,2
h2-lam03_s0,4680779,salehkaleybars,ResNet18,CIFAR10,100,layerwise,SGDm,Lion,1e-3,1e-6,1,1,-15:-2.3026,shrink,0.3,na,0,100,100,92.76,92.42,97.75,0,node885,31,env,,0,36,38,42,92.406,5
adg-A-r003_s0,4681165,salehkaleybars,ResNet18,CIFAR10,100,layerwise,SGDm,Adam,1e-3,1e-6,1,1,-15:-2.3026,additive,na,0.03,0,100,100,91.66,91.23,99.81,0,node887,31,env,,0,17,25,34,91.29,52
h2-lam01_s0,4680778,salehkaleybars,ResNet18,CIFAR10,100,layerwise,SGDm,Lion,1e-3,1e-6,1,1,-15:-2.3026,shrink,0.1,na,0,100,100,92.59,92.31,97.77,0,node880,30,env,,0,36,38,42,92.162,6
g1_sgdm_layer_s0,4679157,salehkaleybars,ResNet18,CIFAR10,100,layerwise,SGDm,Lion,1e-3,1e-6,1,?,none,,na,na,0,100,100,91.32,91.04,99.66,0,node866,37,inferred,,0,28,37,48,90.994,49
a0h-lplain-1e3_s0,4680810,salehkaleybars,ResNet18,CIFAR10,100,layerwise,SGDm,Lion,1e-3,1e-3,1,1,-15:-2.3026,,na,na,0,100,100,91.76,91.76,99.87,0,node851,78,env,,0,14,23,40,91.293,45
e3a-r005_s0,4681639,salehkaleybars,ResNet18,CIFAR10,100,layerwise,SGDm,Lion,1e-3,1e-6,1,1,-15:-2.3026,additive,na,0.05,0,300,300,93.5,93.11,99.86,0,node887,93,env,,0,37,40,42,93.07,2
m1a3-r04-s0,4683580,salehkaleybars,ResNet18,CIFAR10,100,layerwise,SGDm,Lion,1e-3,1e-3,1,1,-15:-2.3026,additive,na,0.4,0,100,100,91.71,91.69,99.89,0,node887,31,env,,0,13,20,31,91.426,37
e3a-lplain_s0,4681637,salehkaleybars,ResNet18,CIFAR10,100,layerwise,SGDm,Lion,1e-3,1e-6,1,1,-15:-2.3026,,na,na,0,300,300,92.12,91.75,99.99,0,node887,93,env,,0,29,36,56,91.907,55
lp-l-L1e4_s0,4681056,salehkaleybars,ResNet18,CIFAR10,100,layerwise,SGDm,Lion,1e-3,1e-6,1,1,-15:-2.3026,shrink,0.0001,na,0,100,100,90.99,90.51,99.71,0,node880,30,env,,0,30,36,64,90.481,52
h2A-l-plain_s0,4680682,salehkaleybars,ResNet18,CIFAR10,100,layerwise,SGDm,Adam,1e-3,1e-6,1,1,-15:-2.3026,,na,na,0,100,100,90.68,90.34,99.78,0,node886,31,env,,0,15,27,56,90.371,61
a0L-lplain-1e4_s0,4680943,salehkaleybars,ResNet18,CIFAR10,100,layerwise,SGDm,Lion,1e-3,1e-4,1,1,-15:-2.3026,,na,na,0,100,100,91.23,90.9,99.78,0,node887,31,env,,0,19,26,45,90.891,58
lp-l-L1e5_s0,4681054,salehkaleybars,ResNet18,CIFAR10,100,layerwise,SGDm,Lion,1e-3,1e-6,1,1,-15:-2.3026,shrink,0.00001,na,0,100,100,91.41,90.78,99.72,0,node885,31,env,,0,29,36,48,90.873,52
a0L-lplain-1e6_s0,4680947,salehkaleybars,ResNet18,CIFAR10,100,layerwise,SGDm,Lion,1e-3,1e-6,1,1,-15:-2.3026,,na,na,0,100,100,91.33,90.81,99.69,0,node882,31,env,,0,28,38,52,90.838,51
dc-sg-a1e3-s0,4683405,salehkaleybars,ResNet18,CIFAR10,100,layerwise,SGDm,Lion,1e-3,1e-3,1,1,-15:-2.3026,additive,na,0.06,0,100,100,92.58,92.36,98.83,0,node882,31,env,,0,18,19,21,92.144,3
zb-l-r1,4681231,salehkaleybars,ResNet18,CIFAR10,100,layerwise,SGDm,Lion,1e-3,1e-6,1,1,-15:-2.3026,zpool,na,1,0,20,20,74.0,74.0,73.19,0,node885,6,env,,0,,,,33.115,0
e3a-r0_s0,4681638,salehkaleybars,ResNet18,CIFAR10,100,layerwise,SGDm,Lion,1e-3,1e-6,1,1,-15:-2.3026,additive,na,0,0,300,300,92.84,92.52,99.33,0,node885,93,env,,0,37,38,42,92.305,5
p7-r18-lay-s0,4685313,salehkaleybars,ResNet18,CIFAR10,100,layerwise,SGDm,Lion,1e-3,1e-3,1,1,-15:-2.3026,,na,na,0,20,20,87.77,87.77,91.61,0,node880,6,env,,0,13,,,74.978,0
h2-base_s0,4680780,salehkaleybars,ResNet18,CIFAR10,100,layerwise,SGDm,Lion,1e-3,1e-6,1,1,-15:-2.3026,,na,na,0,100,100,91.37,90.85,99.67,0,node887,31,env,,0,29,36,57,90.872,53
adg-A-r01_s0,4681166,salehkaleybars,ResNet18,CIFAR10,100,layerwise,SGDm,Adam,1e-3,1e-6,1,1,-15:-2.3026,additive,na,0.1,0,100,100,91.43,91.43,99.8,0,node887,31,env,,0,15,26,42,91.194,38
h2-l-L0p001_s0,4680676,salehkaleybars,ResNet18,CIFAR10,100,layerwise,SGDm,Lion,1e-3,1e-6,1,1,-15:-2.3026,shrink,0.001,na,0,100,100,92.43,92.23,99.89,0,node886,31,env,,0,30,38,48,92.268,17
sc-ResNet18-layer-s0,4683088,salehkaleybars,ResNet18,CIFAR10,100,layerwise,SGDm,Lion,1e-3,1e-6,1,1,-15:-2.3026,,na,na,0,100,100,91.01,90.73,99.7,0,node887,31,env,,0,28,37,55,90.578,56
m1a3-r003-s0,4683571,salehkaleybars,ResNet18,CIFAR10,100,layerwise,SGDm,Lion,1e-3,1e-3,1,1,-15:-2.3026,additive,na,0.03,0,100,100,92.47,92.16,98.17,0,node851,77,env,,0,17,19,23,92.215,7
lp-l-L3e5_s0,4681055,salehkaleybars,ResNet18,CIFAR10,100,layerwise,SGDm,Lion,1e-3,1e-6,1,1,-15:-2.3026,shrink,0.00003,na,0,100,100,91.28,91.07,99.57,0,node887,31,env,,0,28,37,55,90.792,49
rs-lay-1e5-s0,4700358,salehkaleybars,ResNet18,CIFAR10,100,layerwise,SGDm,Lion,1e-5,1e-3,1,1,-15:-2.3026,,na,na,0,100,100,91.93,90.87,95.95,0,node887,31,env,,0,32,46,58,90.787,36
zsw-l-r1_s0,4681684,salehkaleybars,ResNet18,CIFAR10,100,layerwise,SGDm,Lion,1e-3,1e-6,1,1,-15:-2.3026,zpool,na,1,0,100,100,91.18,90.97,99.75,0,node885,30,env,,0,28,38,53,90.761,52
h2A-l-L0p1_s0,4680681,salehkaleybars,ResNet18,CIFAR10,100,layerwise,SGDm,Adam,1e-3,1e-6,1,1,-15:-2.3026,shrink,0.1,na,0,100,100,92.29,91.84,97.9,0,node886,30,env,,0,15,16,20,91.98,18
dc-sg-a1e4-s0,4683406,salehkaleybars,ResNet18,CIFAR10,100,layerwise,SGDm,Lion,1e-3,1e-4,1,1,-15:-2.3026,additive,na,0.06,0,100,100,93.12,92.82,99.46,0,node882,30,env,,0,25,26,29,92.892,3
e3a-lsh01_s0,4681651,salehkaleybars,ResNet18,CIFAR10,100,layerwise,SGDm,Lion,1e-3,1e-6,1,1,-15:-2.3026,shrink,0.1,na,0,300,300,92.45,92.0,99.33,0,node882,93,env,,0,36,38,42,91.95,6
d4_clipL_s0,4679607,salehkaleybars,ResNet18,CIFAR10,100,layerwise,SGDm,Lion,1e-3,1e-6,1,?,-15:-2.3026,,na,na,0,100,100,91.55,90.88,99.65,0,node886,31,inferred,,0,29,36,46,91.0,49
a0h-lsh01-1e4_s0,4680814,salehkaleybars,ResNet18,CIFAR10,100,layerwise,SGDm,Lion,1e-3,1e-4,1,1,-15:-2.3026,shrink,0.1,na,0,100,100,92.51,92.51,97.95,0,node858,71,env,,0,24,26,31,92.231,6
mx_sig_layerwise_s0,4682859,salehkaleybars,ResNet18,CIFAR10,100,layerwise,SGDm,Lion,1e-3,1e-6,1,1,-15:-2.3026,,na,na,0,100,100,91.29,91.04,99.65,0,node887,31,env,,0,28,36,52,90.831,50
a0h-lsh01-1e3_s0,4680811,salehkaleybars,ResNet18,CIFAR10,100,layerwise,SGDm,Lion,1e-3,1e-3,1,1,-15:-2.3026,shrink,0.1,na,0,100,100,92.5,92.28,98.14,0,node851,78,env,,0,18,20,24,92.239,7
sc-ResNet18-add-s0,4683089,salehkaleybars,ResNet18,CIFAR10,100,layerwise,SGDm,Lion,1e-3,1e-6,1,1,-15:-2.3026,additive,na,0.06,0,100,100,93.66,93.43,99.77,0,node887,31,env,,0,34,39,42,93.44,3
h2-l-L1p0_s0,4680679,salehkaleybars,ResNet18,CIFAR10,100,layerwise,SGDm,Lion,1e-3,1e-6,1,1,-15:-2.3026,shrink,1.0,na,0,100,100,92.68,92.51,97.72,0,node880,31,env,,0,36,38,42,92.414,5
zsw-l-r01_s0,4681676,salehkaleybars,ResNet18,CIFAR10,100,layerwise,SGDm,Lion,1e-3,1e-6,1,1,-15:-2.3026,zpool,na,0.1,0,100,100,89.95,89.53,98.61,0,node880,30,env,,0,33,55,,89.332,20
ac-r015-s0,4687205,salehkaleybars,ResNet18,CIFAR10,100,layerwise,SGDm,Lion,1e-3,1e-3,1,1,-15:-2.3026,additive,na,0.15,0,100,100,92.49,92.09,99.67,0,node885,30,env,,0,16,19,21,92.129,5
zsw-l-r03_s0,4681678,salehkaleybars,ResNet18,CIFAR10,100,layerwise,SGDm,Lion,1e-3,1e-6,1,1,-15:-2.3026,zpool,na,0.3,0,100,100,89.88,89.88,99.16,0,node887,31,env,,0,33,50,,89.392,24
h2-lam003_s0,4680777,salehkaleybars,ResNet18,CIFAR10,100,layerwise,SGDm,Lion,1e-3,1e-6,1,1,-15:-2.3026,shrink,0.03,na,0,100,100,92.49,92.35,97.78,0,node882,31,env,,0,36,38,41,92.187,6
mx-add-r007-s0,4682883,salehkaleybars,ResNet18,CIFAR10,100,layerwise,SGDm,Lion,1e-3,1e-6,1,1,-15:-2.3026,additive,na,0.07,0,100,100,93.56,93.27,99.85,0,node883,31,env,,0,34,39,42,93.129,2
e300-lsh01_s0,4680996,salehkaleybars,ResNet18,CIFAR10,100,layerwise,SGDm,Lion,1e-3,1e-3,1,1,-15:-2.3026,shrink,0.1,na,0,300,300,92.57,92.03,99.32,0,node887,94,env,,0,17,20,24,91.965,6
a0h-lplain-1e4_s0,4680813,salehkaleybars,ResNet18,CIFAR10,100,layerwise,SGDm,Lion,1e-3,1e-4,1,1,-15:-2.3026,,na,na,0,100,100,91.14,91.1,99.79,0,node851,80,env,,0,18,26,50,90.859,58
zb-plain,4681234,salehkaleybars,ResNet18,CIFAR10,100,layerwise,SGDm,Lion,1e-3,1e-6,1,1,-15:-2.3026,,na,na,0,20,20,73.1,73.1,73.12,0,node880,6,env,,0,,,,33.044,0
hv_plain,4679627,salehkaleybars,ResNet18,CIFAR10,100,layerwise,SGDm,Lion,1e-3,1e-6,1,?,-15:-2.3026,,na,na,0,4,4,13.49,13.49,13.46,0,node885,1,inferred,,0,,,,,0
v2_probe,4679122,salehkaleybars,ResNet18,CIFAR10,100,layerwise,SGDm,Lion,1e-3,1e-6,1,?,none,,na,na,0,3,3,13.19,13.19,13.01,0,node851,2,inferred,,0,,,,,0
rs-lay-3e4-s0,4700360,salehkaleybars,ResNet18,CIFAR10,100,layerwise,SGDm,Lion,3e-4,1e-3,1,1,-15:-2.3026,,na,na,0,72,100,91.83,91.73,99.8,0,node873,,env,,0,17,23,34,91.516,23
mx-add-r006-s0,4682878,salehkaleybars,ResNet18,CIFAR10,100,layerwise,SGDm,Lion,1e-3,1e-6,1,1,-15:-2.3026,additive,na,0.06,0,100,100,93.68,93.33,99.71,0,node887,31,env,,0,36,39,42,93.362,4
e3a-r01_s0,4681640,salehkaleybars,ResNet18,CIFAR10,100,layerwise,SGDm,Lion,1e-3,1e-6,1,1,-15:-2.3026,additive,na,0.1,0,300,300,93.24,92.98,99.99,0,node880,92,env,,0,32,38,42,93.005,5
mx-add-r004-s0,4682868,salehkaleybars,ResNet18,CIFAR10,100,layerwise,SGDm,Lion,1e-3,1e-6,1,1,-15:-2.3026,additive,na,0.04,0,100,100,93.33,93.03,99.28,0,node885,31,env,,0,37,40,42,93.024,1
lp-l-L3e5_s1,4681058,salehkaleybars,ResNet18,CIFAR10,100,layerwise,SGDm,Lion,1e-3,1e-6,1,1,-15:-2.3026,shrink,0.00003,na,1,100,100,91.31,90.97,99.69,0,node887,31,env,,0,29,36,58,90.787,52
e3a-lplain_s1,4681641,salehkaleybars,ResNet18,CIFAR10,100,layerwise,SGDm,Lion,1e-3,1e-6,1,1,-15:-2.3026,,na,na,1,300,300,91.9,91.63,99.99,0,node881,92,env,,0,29,36,55,91.683,77
h2-base_s1,4680785,salehkaleybars,ResNet18,CIFAR10,100,layerwise,SGDm,Lion,1e-3,1e-6,1,1,-15:-2.3026,,na,na,1,100,100,91.35,91.34,99.76,0,node887,31,env,,0,29,36,61,90.933,48
g3_sgdmAdam_layer_s1,4679443,salehkaleybars,ResNet18,CIFAR10,100,layerwise,SGDm,Adam,1e-3,1e-6,1,?,none,,na,na,1,100,100,90.74,90.46,99.8,0,node880,31,inferred,,0,15,26,58,90.345,59
m1a3-r01-s1,4683575,salehkaleybars,ResNet18,CIFAR10,100,layerwise,SGDm,Lion,1e-3,1e-3,1,1,-15:-2.3026,additive,na,0.1,1,100,100,92.88,92.62,99.5,0,node886,31,env,,0,16,20,22,92.584,2
rs-lay-3e4-s1,4700366,salehkaleybars,ResNet18,CIFAR10,100,layerwise,SGDm,Lion,3e-4,1e-3,1,1,-15:-2.3026,,na,na,1,19,100,86.1,85.86,88.81,0,node866,,env,,0,16,,,,0
a0L-lsh01-1e6_s1,4680960,salehkaleybars,ResNet18,CIFAR10,100,layerwise,SGDm,Lion,1e-3,1e-6,1,1,-15:-2.3026,shrink,0.1,na,1,100,100,92.67,92.52,97.89,0,node885,31,env,,0,35,37,41,92.263,7
mx_sig_layerwise_s1,4682860,salehkaleybars,ResNet18,CIFAR10,100,layerwise,SGDm,Lion,1e-3,1e-6,1,1,-15:-2.3026,,na,na,1,100,100,91.27,90.88,99.78,0,node858,73,env,,0,29,36,59,90.78,47
ac-r015-s1,4687209,salehkaleybars,ResNet18,CIFAR10,100,layerwise,SGDm,Lion,1e-3,1e-3,1,1,-15:-2.3026,additive,na,0.15,1,100,100,92.67,92.39,99.63,0,node886,30,env,,0,16,20,21,92.304,4
zsw-l-r07_s1,4681694,salehkaleybars,ResNet18,CIFAR10,100,layerwise,SGDm,Lion,1e-3,1e-6,1,1,-15:-2.3026,zpool,na,0.7,1,100,100,89.59,88.93,99.0,0,node881,31,env,,0,32,50,,89.1,17
dc-sg-a1e4-s1,4683411,salehkaleybars,ResNet18,CIFAR10,100,layerwise,SGDm,Lion,1e-3,1e-4,1,1,-15:-2.3026,additive,na,0.06,1,100,100,93.14,92.88,99.46,0,node886,30,env,,0,24,26,28,92.614,1
g1_sgdm_layer_s1,4679158,salehkaleybars,ResNet18,CIFAR10,100,layerwise,SGDm,Lion,1e-3,1e-6,1,?,none,,na,na,1,100,100,91.44,91.2,99.68,0,node868,36,inferred,,0,29,36,53,90.921,48
lp-l-L1e5_s1,4681057,salehkaleybars,ResNet18,CIFAR10,100,layerwise,SGDm,Lion,1e-3,1e-6,1,1,-15:-2.3026,shrink,0.00001,na,1,100,100,91.33,91.33,99.76,0,node887,31,env,,0,29,36,59,90.732,50
h2A-l-plain_s1,4680689,salehkaleybars,ResNet18,CIFAR10,100,layerwise,SGDm,Adam,1e-3,1e-6,1,1,-15:-2.3026,,na,na,1,100,100,90.89,90.52,99.73,0,node881,31,env,,0,15,27,60,90.392,61
h2-l-L0p001_s1,4680683,salehkaleybars,ResNet18,CIFAR10,100,layerwise,SGDm,Lion,1e-3,1e-6,1,1,-15:-2.3026,shrink,0.001,na,1,100,100,92.77,92.46,99.93,0,node886,30,env,,0,33,40,48,92.499,15
adg-A-r01_s1,4681170,salehkaleybars,ResNet18,CIFAR10,100,layerwise,SGDm,Adam,1e-3,1e-6,1,1,-15:-2.3026,additive,na,0.1,1,100,100,91.4,91.26,99.75,0,node881,31,env,,0,16,26,53,91.1,42
a0L-lplain-1e4_s1,4680955,salehkaleybars,ResNet18,CIFAR10,100,layerwise,SGDm,Lion,1e-3,1e-4,1,1,-15:-2.3026,,na,na,1,100,100,91.59,91.37,99.79,0,node885,30,env,,0,20,27,39,91.114,44
a0L-lplain-1e3_s1,4680951,salehkaleybars,ResNet18,CIFAR10,100,layerwise,SGDm,Lion,1e-3,1e-3,1,1,-15:-2.3026,,na,na,1,100,100,91.62,91.62,99.93,0,node887,31,env,,0,13,23,45,91.223,50
a0h-lplain-1e4_s1,4680819,salehkaleybars,ResNet18,CIFAR10,100,layerwise,SGDm,Lion,1e-3,1e-4,1,1,-15:-2.3026,,na,na,1,100,100,91.24,90.91,99.84,0,node859,71,env,,0,20,27,54,90.95,57
d4_clipL_s1,4679609,salehkaleybars,ResNet18,CIFAR10,100,layerwise,SGDm,Lion,1e-3,1e-6,1,?,-15:-2.3026,,na,na,1,100,100,91.44,91.44,99.77,0,node885,31,inferred,,0,29,36,59,90.745,51
m1a3-r04-s1,4683581,salehkaleybars,ResNet18,CIFAR10,100,layerwise,SGDm,Lion,1e-3,1e-3,1,1,-15:-2.3026,additive,na,0.4,1,100,100,91.84,91.5,99.9,0,node880,31,env,,0,15,20,33,91.376,41
a0h-lplain-1e3_s1,4680816,salehkaleybars,ResNet18,CIFAR10,100,layerwise,SGDm,Lion,1e-3,1e-3,1,1,-15:-2.3026,,na,na,1,100,100,91.28,90.87,99.9,0,node859,71,env,,0,16,23,45,90.956,59
e3a-r01_s1,4681644,salehkaleybars,ResNet18,CIFAR10,100,layerwise,SGDm,Lion,1e-3,1e-6,1,1,-15:-2.3026,additive,na,0.1,1,300,300,93.71,93.49,99.98,0,node881,92,env,,0,33,37,40,93.552,3
h2A-l-L0p1_s1,4680688,salehkaleybars,ResNet18,CIFAR10,100,layerwise,SGDm,Adam,1e-3,1e-6,1,1,-15:-2.3026,shrink,0.1,na,1,100,100,92.23,91.76,98.0,0,node886,31,env,,0,15,16,19,91.781,18
lp-l-L1e4_s1,4681059,salehkaleybars,ResNet18,CIFAR10,100,layerwise,SGDm,Lion,1e-3,1e-6,1,1,-15:-2.3026,shrink,0.0001,na,1,100,100,91.08,91.0,99.79,0,node880,30,env,,0,29,36,59,90.749,50
mx-add-r004-s1,4682869,salehkaleybars,ResNet18,CIFAR10,100,layerwise,SGDm,Lion,1e-3,1e-6,1,1,-15:-2.3026,additive,na,0.04,1,100,100,93.35,92.86,99.29,0,node882,31,env,,0,35,38,41,92.971,3
mx-add-r005-s1,4682874,salehkaleybars,ResNet18,CIFAR10,100,layerwise,SGDm,Lion,1e-3,1e-6,1,1,-15:-2.3026,additive,na,0.05,1,100,100,93.51,93.1,99.58,0,node887,31,env,,0,35,40,41,93.233,2
rs-lay-1e5-s1,4700364,salehkaleybars,ResNet18,CIFAR10,100,layerwise,SGDm,Lion,1e-5,1e-3,1,1,-15:-2.3026,,na,na,1,28,100,83.85,82.41,85.67,0,node887,,env,,0,,,,74.774,0
a0h-lsh01-1e3_s1,4680817,salehkaleybars,ResNet18,CIFAR10,100,layerwise,SGDm,Lion,1e-3,1e-3,1,1,-15:-2.3026,shrink,0.1,na,1,100,100,92.33,92.05,98.11,0,node858,71,env,,0,18,21,23,92.022,7
ac-r004-s1,4687207,salehkaleybars,ResNet18,CIFAR10,100,layerwise,SGDm,Lion,1e-3,1e-3,1,1,-15:-2.3026,additive,na,0.04,1,100,100,92.49,91.81,98.41,0,node885,31,env,,0,18,20,22,92.002,6
e3a-r0_s1,4681642,salehkaleybars,ResNet18,CIFAR10,100,layerwise,SGDm,Lion,1e-3,1e-6,1,1,-15:-2.3026,additive,na,0,1,300,300,92.51,91.77,99.32,0,node885,92,env,,0,35,37,41,91.843,6
e300-lsh01_s1,4680999,salehkaleybars,ResNet18,CIFAR10,100,layerwise,SGDm,Lion,1e-3,1e-3,1,1,-15:-2.3026,shrink,0.1,na,1,300,300,92.45,91.78,99.34,0,node885,92,env,,0,17,21,23,91.847,7
p7-r18-lay-s1,4685317,salehkaleybars,ResNet18,CIFAR10,100,layerwise,SGDm,Lion,1e-3,1e-3,1,1,-15:-2.3026,,na,na,1,20,20,87.18,87.18,91.63,0,node880,6,env,,0,15,,,74.329,0
zsw-l-r0_s1,4681686,salehkaleybars,ResNet18,CIFAR10,100,layerwise,SGDm,Lion,1e-3,1e-6,1,1,-15:-2.3026,zpool,na,0,1,100,100,88.21,88.12,93.9,0,node887,31,env,,0,35,93,,87.854,0
a0L-lsh01-1e4_s1,4680956,salehkaleybars,ResNet18,CIFAR10,100,layerwise,SGDm,Lion,1e-3,1e-4,1,1,-15:-2.3026,shrink,0.1,na,1,100,100,92.69,92.56,98.06,0,node887,31,env,,0,25,27,29,92.318,3
sc-ResNet18-add-s1,4683093,salehkaleybars,ResNet18,CIFAR10,100,layerwise,SGDm,Lion,1e-3,1e-6,1,1,-15:-2.3026,additive,na,0.06,1,100,100,93.64,93.4,99.76,0,node886,31,env,,0,35,39,41,93.317,3
adg-A-r003_s1,4681169,salehkaleybars,ResNet18,CIFAR10,100,layerwise,SGDm,Adam,1e-3,1e-6,1,1,-15:-2.3026,additive,na,0.03,1,100,100,91.68,91.34,99.8,0,node880,31,env,,0,18,23,32,91.224,59
h2-l-L0p01_s1,4680684,salehkaleybars,ResNet18,CIFAR10,100,layerwise,SGDm,Lion,1e-3,1e-6,1,1,-15:-2.3026,shrink,0.01,na,1,100,100,92.78,92.78,98.16,0,node886,31,env,,0,36,37,41,92.502,5
zsw-l-r05_s1,4681692,salehkaleybars,ResNet18,CIFAR10,100,layerwise,SGDm,Lion,1e-3,1e-6,1,1,-15:-2.3026,zpool,na,0.5,1,100,100,89.64,89.07,98.96,0,node886,31,env,,0,33,50,,89.121,17
rs-lay-3e5-s1,4700365,salehkaleybars,ResNet18,CIFAR10,100,layerwise,SGDm,Lion,3e-5,1e-3,1,1,-15:-2.3026,,na,na,1,25,100,82.93,82.93,84.63,0,node884,,env,,0,,,,71.948,0
e300-lplain_s1,4680998,salehkaleybars,ResNet18,CIFAR10,100,layerwise,SGDm,Lion,1e-3,1e-3,1,1,-15:-2.3026,,na,na,1,300,300,91.62,91.5,99.98,0,node885,93,env,,0,13,25,42,91.453,51
mx-add-r006-s1,4682879,salehkaleybars,ResNet18,CIFAR10,100,layerwise,SGDm,Lion,1e-3,1e-6,1,1,-15:-2.3026,additive,na,0.06,1,100,100,93.63,93.47,99.77,0,node882,31,env,,0,35,38,41,93.396,2
a0L-lplain-1e6_s1,4680959,salehkaleybars,ResNet18,CIFAR10,100,layerwise,SGDm,Lion,1e-3,1e-6,1,1,-15:-2.3026,,na,na,1,100,100,91.14,91.07,99.71,0,node881,31,env,,0,29,36,61,90.846,49
sc-ResNet18-layer-s1,4683092,salehkaleybars,ResNet18,CIFAR10,100,layerwise,SGDm,Lion,1e-3,1e-6,1,1,-15:-2.3026,,na,na,1,100,100,91.14,90.93,99.71,0,node880,30,env,,0,29,36,54,90.84,54
a0L-lsh01-1e3_s1,4680952,salehkaleybars,ResNet18,CIFAR10,100,layerwise,SGDm,Lion,1e-3,1e-3,1,1,-15:-2.3026,shrink,0.1,na,1,100,100,92.4,92.08,98.19,0,node880,31,env,,0,18,20,22,92.08,7
ac-r008-s1,4687208,salehkaleybars,ResNet18,CIFAR10,100,layerwise,SGDm,Lion,1e-3,1e-3,1,1,-15:-2.3026,additive,na,0.08,1,100,100,93.0,92.57,99.17,0,node868,35,env,,0,16,20,21,92.544,1
a0h-lsh01-1e4_s1,4680820,salehkaleybars,ResNet18,CIFAR10,100,layerwise,SGDm,Lion,1e-3,1e-4,1,1,-15:-2.3026,shrink,0.1,na,1,100,100,92.37,91.81,98.0,0,node851,78,env,,0,25,27,29,92.159,5
ac-r002-s1,4687206,salehkaleybars,ResNet18,CIFAR10,100,layerwise,SGDm,Lion,1e-3,1e-3,1,1,-15:-2.3026,additive,na,0.02,1,100,100,92.67,92.52,98.23,0,node880,31,env,,0,17,20,22,92.204,5
h2-lam03_s1,4680784,salehkaleybars,ResNet18,CIFAR10,100,layerwise,SGDm,Lion,1e-3,1e-6,1,1,-15:-2.3026,shrink,0.3,na,1,100,100,92.44,92.3,97.79,0,node880,30,env,,0,35,37,41,92.191,4
dc-sg-a1e3-s1,4683410,salehkaleybars,ResNet18,CIFAR10,100,layerwise,SGDm,Lion,1e-3,1e-3,1,1,-15:-2.3026,additive,na,0.06,1,100,100,92.65,92.19,98.92,0,node880,31,env,,0,18,20,22,92.137,2
zsw-l-r03_s1,4681690,salehkaleybars,ResNet18,CIFAR10,100,layerwise,SGDm,Lion,1e-3,1e-6,1,1,-15:-2.3026,zpool,na,0.3,1,100,100,89.99,89.39,99.24,0,node880,30,env,,0,34,48,,89.352,22
h2-lam01_s1,4680783,salehkaleybars,ResNet18,CIFAR10,100,layerwise,SGDm,Lion,1e-3,1e-6,1,1,-15:-2.3026,shrink,0.1,na,1,100,100,92.54,92.35,97.79,0,node881,31,env,,0,35,38,41,92.343,4
zsw-l-r1_s1,4681696,salehkaleybars,ResNet18,CIFAR10,100,layerwise,SGDm,Lion,1e-3,1e-6,1,1,-15:-2.3026,zpool,na,1,1,100,100,91.4,91.13,99.73,0,node887,31,env,,0,29,36,58,90.833,49
h2-l-L1p0_s1,4680686,salehkaleybars,ResNet18,CIFAR10,100,layerwise,SGDm,Lion,1e-3,1e-6,1,1,-15:-2.3026,shrink,1.0,na,1,100,100,92.57,92.22,97.72,0,node886,30,env,,0,35,37,41,92.221,6
m1a3-r02-s1,4683578,salehkaleybars,ResNet18,CIFAR10,100,layerwise,SGDm,Lion,1e-3,1e-3,1,1,-15:-2.3026,additive,na,0.2,1,100,100,92.38,92.23,99.8,0,node886,31,env,,0,15,18,21,92.101,11
zsw-l-r01_s1,4681688,salehkaleybars,ResNet18,CIFAR10,100,layerwise,SGDm,Lion,1e-3,1e-6,1,1,-15:-2.3026,zpool,na,0.1,1,100,100,89.83,89.7,98.69,0,node887,31,env,,0,32,50,,89.432,24
h2-lam003_s1,4680782,salehkaleybars,ResNet18,CIFAR10,100,layerwise,SGDm,Lion,1e-3,1e-6,1,1,-15:-2.3026,shrink,0.03,na,1,100,100,92.62,92.2,97.9,0,node881,30,env,,0,35,37,41,92.227,6
m1a3-r0-s1,4683569,salehkaleybars,ResNet18,CIFAR10,100,layerwise,SGDm,Lion,1e-3,1e-3,1,1,-15:-2.3026,additive,na,0,1,100,100,92.59,92.32,98.0,0,node882,31,env,,0,17,21,23,92.196,6
m1a3-r003-s1,4683572,salehkaleybars,ResNet18,CIFAR10,100,layerwise,SGDm,Lion,1e-3,1e-3,1,1,-15:-2.3026,additive,na,0.03,1,100,100,92.78,92.29,98.34,0,node851,73,env,,0,17,20,22,92.329,4
e3a-lsh01_s1,4681652,salehkaleybars,ResNet18,CIFAR10,100,layerwise,SGDm,Lion,1e-3,1e-6,1,1,-15:-2.3026,shrink,0.1,na,1,300,300,92.76,91.88,99.33,0,node886,93,env,,0,36,37,41,91.812,6
hs-l-lam01_s1,4680592,salehkaleybars,ResNet18,CIFAR10,100,layerwise,SGDm,Lion,1e-3,1e-6,1,?,-15:-2.3026,shrink,0.1,na,1,100,100,92.5,92.15,97.89,0,node885,31,inferred,,0,35,37,41,92.245,4
e3a-r005_s1,4681643,salehkaleybars,ResNet18,CIFAR10,100,layerwise,SGDm,Lion,1e-3,1e-6,1,1,-15:-2.3026,additive,na,0.05,1,300,300,93.45,92.94,99.82,0,node887,92,env,,0,35,38,41,92.941,2
h2-l-L0p5_s1,4680685,salehkaleybars,ResNet18,CIFAR10,100,layerwise,SGDm,Lion,1e-3,1e-6,1,1,-15:-2.3026,shrink,0.5,na,1,100,100,92.63,92.2,97.76,0,node886,31,env,,0,35,38,41,92.285,6
h2-lam003_s2,4680787,salehkaleybars,ResNet18,CIFAR10,100,layerwise,SGDm,Lion,1e-3,1e-6,1,1,-15:-2.3026,shrink,0.03,na,2,100,100,92.64,92.48,97.95,0,node886,31,env,,0,37,38,41,92.323,5
h2-l-L0p001_s2,4680690,salehkaleybars,ResNet18,CIFAR10,100,layerwise,SGDm,Lion,1e-3,1e-6,1,1,-15:-2.3026,shrink,0.001,na,2,100,100,92.43,92.43,99.93,0,node887,31,env,,0,33,41,49,92.205,20
h2A-l-L0p1_s2,4680695,salehkaleybars,ResNet18,CIFAR10,100,layerwise,SGDm,Adam,1e-3,1e-6,1,1,-15:-2.3026,shrink,0.1,na,2,100,100,92.14,92.07,98.05,0,node886,31,env,,0,15,16,19,91.822,17
h2-l-L1p0_s2,4680693,salehkaleybars,ResNet18,CIFAR10,100,layerwise,SGDm,Lion,1e-3,1e-6,1,1,-15:-2.3026,shrink,1.0,na,2,100,100,92.35,92.35,97.84,0,node887,31,env,,0,36,39,41,91.963,9
h2-l-L0p1_s2,4680697,salehkaleybars,ResNet18,CIFAR10,100,layerwise,SGDm,Lion,1e-3,1e-6,1,1,-15:-2.3026,shrink,0.1,na,2,100,100,92.64,92.51,97.8,0,node887,31,env,,0,35,39,41,92.361,5
h2-lam01_s2,4680788,salehkaleybars,ResNet18,CIFAR10,100,layerwise,SGDm,Lion,1e-3,1e-6,1,1,-15:-2.3026,shrink,0.1,na,2,100,100,92.42,92.28,97.79,0,node880,30,env,,0,36,38,41,92.209,5
mx-add-r004-s2,4682870,salehkaleybars,ResNet18,CIFAR10,100,layerwise,SGDm,Lion,1e-3,1e-6,1,1,-15:-2.3026,additive,na,0.04,2,100,100,93.06,92.9,99.24,0,node880,30,env,,0,37,39,41,92.819,2
m1a3-r0-s2,4683570,salehkaleybars,ResNet18,CIFAR10,100,layerwise,SGDm,Lion,1e-3,1e-3,1,1,-15:-2.3026,additive,na,0,2,100,100,92.56,92.43,98.14,0,node886,31,env,,0,18,21,25,92.198,5
g1_sgdm_layer_s2,4679159,salehkaleybars,ResNet18,CIFAR10,100,layerwise,SGDm,Lion,1e-3,1e-6,1,?,none,,na,na,2,100,100,91.27,90.95,99.57,0,node870,43,inferred,,0,28,35,58,90.829,53
m1a3-r01-s2,4683576,salehkaleybars,ResNet18,CIFAR10,100,layerwise,SGDm,Lion,1e-3,1e-3,1,1,-15:-2.3026,additive,na,0.1,2,100,100,92.69,92.63,99.43,0,node885,30,env,,0,17,19,21,92.534,3
h2-base_s2,4680790,salehkaleybars,ResNet18,CIFAR10,100,layerwise,SGDm,Lion,1e-3,1e-6,1,1,-15:-2.3026,,na,na,2,100,100,91.09,90.61,99.64,0,node881,31,env,,0,28,35,57,90.687,52
dc-sg-a1e3-s2,4683415,salehkaleybars,ResNet18,CIFAR10,100,layerwise,SGDm,Lion,1e-3,1e-3,1,1,-15:-2.3026,additive,na,0.06,2,100,100,92.71,91.76,98.87,0,node881,31,env,,0,17,19,22,92.116,4
sc-ResNet18-add-s2,4683097,salehkaleybars,ResNet18,CIFAR10,100,layerwise,SGDm,Lion,1e-3,1e-6,1,1,-15:-2.3026,additive,na,0.06,2,100,100,93.51,93.05,99.71,0,node883,30,env,,0,36,40,41,93.161,4
ac-r004-s2,4687211,salehkaleybars,ResNet18,CIFAR10,100,layerwise,SGDm,Lion,1e-3,1e-3,1,1,-15:-2.3026,additive,na,0.04,2,100,100,92.56,92.07,98.37,0,node859,71,env,,0,17,19,22,92.13,4
ac-r005-s2,4687184,salehkaleybars,ResNet18,CIFAR10,100,layerwise,SGDm,Lion,1e-3,1e-3,1,1,-15:-2.3026,additive,na,0.05,2,100,100,92.6,91.91,98.56,0,node883,30,env,,0,18,19,22,92.223,6
dc-sg-a1e4-s2,4683416,salehkaleybars,ResNet18,CIFAR10,100,layerwise,SGDm,Lion,1e-3,1e-4,1,1,-15:-2.3026,additive,na,0.06,2,100,100,93.1,92.77,99.49,0,node885,30,env,,0,26,27,29,92.756,1
sc-ResNet18-layer-s2,4683096,salehkaleybars,ResNet18,CIFAR10,100,layerwise,SGDm,Lion,1e-3,1e-6,1,1,-15:-2.3026,,na,na,2,100,100,90.98,90.79,99.72,0,node881,31,env,,0,28,36,58,90.641,54
mx_sig_layerwise_s2,4682861,salehkaleybars,ResNet18,CIFAR10,100,layerwise,SGDm,Lion,1e-3,1e-6,1,1,-15:-2.3026,,na,na,2,100,100,91.34,90.9,99.62,0,node858,72,env,,0,29,35,52,90.934,45
ac-r03-s2,4687194,salehkaleybars,ResNet18,CIFAR10,100,layerwise,SGDm,Lion,1e-3,1e-3,1,1,-15:-2.3026,additive,na,0.3,2,100,100,92.04,91.76,99.87,0,node881,31,env,,0,15,19,27,91.797,32
h2-lam03_s2,4680789,salehkaleybars,ResNet18,CIFAR10,100,layerwise,SGDm,Lion,1e-3,1e-6,1,1,-15:-2.3026,shrink,0.3,na,2,100,100,92.32,92.19,97.82,0,node880,30,env,,0,36,38,41,92.075,7
zsw-l-r01_s2,4681700,salehkaleybars,ResNet18,CIFAR10,100,layerwise,SGDm,Lion,1e-3,1e-6,1,1,-15:-2.3026,zpool,na,0.1,2,100,100,90.24,90.24,98.92,0,node880,30,env,,0,34,52,98,89.65,30
h2-l-L0p01_s2,4680691,salehkaleybars,ResNet18,CIFAR10,100,layerwise,SGDm,Lion,1e-3,1e-6,1,1,-15:-2.3026,shrink,0.01,na,2,100,100,92.9,92.9,98.07,0,node880,30,env,,0,37,38,41,92.604,5
adg-A-r003_s2,4681173,salehkaleybars,ResNet18,CIFAR10,100,layerwise,SGDm,Adam,1e-3,1e-6,1,1,-15:-2.3026,additive,na,0.03,2,100,100,91.79,91.57,99.79,0,node881,31,env,,0,16,24,33,91.441,48
adg-A-r01_s2,4681174,salehkaleybars,ResNet18,CIFAR10,100,layerwise,SGDm,Adam,1e-3,1e-6,1,1,-15:-2.3026,additive,na,0.1,2,100,100,91.26,90.83,99.71,0,node881,31,env,,0,15,33,51,90.836,54
h2-l-L0p5_s2,4680692,salehkaleybars,ResNet18,CIFAR10,100,layerwise,SGDm,Lion,1e-3,1e-6,1,1,-15:-2.3026,shrink,0.5,na,2,100,100,92.36,92.26,97.8,0,node881,31,env,,0,37,38,42,92.049,9
zsw-l-r0_s2,4681698,salehkaleybars,ResNet18,CIFAR10,100,layerwise,SGDm,Lion,1e-3,1e-6,1,1,-15:-2.3026,zpool,na,0,2,100,100,88.1,88.1,93.89,0,node887,31,env,,0,38,99,,87.766,0
ac-r1-s2,4687199,salehkaleybars,ResNet18,CIFAR10,100,layerwise,SGDm,Lion,1e-3,1e-3,1,1,-15:-2.3026,additive,na,1,2,100,100,91.51,91.38,99.91,0,node886,30,env,,0,15,24,35,91.173,48
p7-r18-lay-s2,4685321,salehkaleybars,ResNet18,CIFAR10,100,layerwise,SGDm,Lion,1e-3,1e-3,1,1,-15:-2.3026,,na,na,2,20,20,87.21,85.51,91.48,0,node880,6,env,,0,14,,,74.08,0
zsw-l-r05_s2,4681704,salehkaleybars,ResNet18,CIFAR10,100,layerwise,SGDm,Lion,1e-3,1e-6,1,1,-15:-2.3026,zpool,na,0.5,2,100,100,89.76,89.71,99.05,0,node881,31,env,,0,32,49,,89.326,25
zsw-l-r03_s2,4681702,salehkaleybars,ResNet18,CIFAR10,100,layerwise,SGDm,Lion,1e-3,1e-6,1,1,-15:-2.3026,zpool,na,0.3,2,100,100,90.33,90.07,99.24,0,node880,31,env,,0,32,53,92,89.761,30
g3_sgdmAdam_layer_s2,4679444,salehkaleybars,ResNet18,CIFAR10,100,layerwise,SGDm,Adam,1e-3,1e-6,1,?,none,,na,na,2,100,100,90.53,90.12,99.74,0,node881,31,inferred,,0,16,24,66,90.152,62
ac-r008-s2,4687212,salehkaleybars,ResNet18,CIFAR10,100,layerwise,SGDm,Lion,1e-3,1e-3,1,1,-15:-2.3026,additive,na,0.08,2,100,100,92.6,92.13,99.26,0,node887,31,env,,0,19,19,21,92.192,5
ac-r007-s2,4687187,salehkaleybars,ResNet18,CIFAR10,100,layerwise,SGDm,Lion,1e-3,1e-3,1,1,-15:-2.3026,additive,na,0.07,2,100,100,92.47,92.06,99.08,0,node887,31,env,,0,17,20,22,92.062,4
zsw-l-r07_s2,4681706,salehkaleybars,ResNet18,CIFAR10,100,layerwise,SGDm,Lion,1e-3,1e-6,1,1,-15:-2.3026,zpool,na,0.7,2,100,100,89.67,89.1,99.05,0,node885,31,env,,0,32,53,,89.164,20
mx-add-r005-s2,4682875,salehkaleybars,ResNet18,CIFAR10,100,layerwise,SGDm,Lion,1e-3,1e-6,1,1,-15:-2.3026,additive,na,0.05,2,100,100,93.21,92.86,99.53,0,node887,31,env,,0,36,38,42,92.803,4
ac-r015-s2,4687213,salehkaleybars,ResNet18,CIFAR10,100,layerwise,SGDm,Lion,1e-3,1e-3,1,1,-15:-2.3026,additive,na,0.15,2,100,100,92.35,91.74,99.61,0,node881,31,env,,0,16,18,21,92.104,4
d4_clipL_s2,4679611,salehkaleybars,ResNet18,CIFAR10,100,layerwise,SGDm,Lion,1e-3,1e-6,1,?,-15:-2.3026,,na,na,2,100,100,91.18,90.61,99.57,0,node880,31,inferred,,0,28,36,59,90.839,48
ac-r002-s2,4687210,salehkaleybars,ResNet18,CIFAR10,100,layerwise,SGDm,Lion,1e-3,1e-3,1,1,-15:-2.3026,additive,na,0.02,2,100,100,92.39,92.13,98.23,0,node883,30,env,,0,18,20,24,91.993,4
m1a3-r04-s2,4683582,salehkaleybars,ResNet18,CIFAR10,100,layerwise,SGDm,Lion,1e-3,1e-3,1,1,-15:-2.3026,additive,na,0.4,2,100,100,91.69,91.62,99.87,0,node858,72,env,,0,14,21,34,91.501,41
mx-add-r006-s2,4682880,salehkaleybars,ResNet18,CIFAR10,100,layerwise,SGDm,Lion,1e-3,1e-6,1,1,-15:-2.3026,additive,na,0.06,2,100,100,93.34,93.28,99.7,0,node880,30,env,,0,34,38,42,93.131,4
h2A-l-plain_s2,4680696,salehkaleybars,ResNet18,CIFAR10,100,layerwise,SGDm,Adam,1e-3,1e-6,1,1,-15:-2.3026,,na,na,2,100,100,90.55,90.34,99.73,0,node881,31,env,,0,15,27,67,90.25,62
m1a3-r02-s2,4683579,salehkaleybars,ResNet18,CIFAR10,100,layerwise,SGDm,Lion,1e-3,1e-3,1,1,-15:-2.3026,additive,na,0.2,2,100,100,92.17,92.15,99.86,0,node886,30,env,,0,15,18,22,91.936,15
zsw-l-r1_s2,4681708,salehkaleybars,ResNet18,CIFAR10,100,layerwise,SGDm,Lion,1e-3,1e-6,1,1,-15:-2.3026,zpool,na,1,2,100,100,91.48,91.27,99.62,0,node887,31,env,,0,29,35,57,91.186,36
m1a3-r003-s2,4683573,salehkaleybars,ResNet18,CIFAR10,100,layerwise,SGDm,Lion,1e-3,1e-3,1,1,-15:-2.3026,additive,na,0.03,2,100,100,92.41,91.86,98.27,0,node887,31,env,,0,18,20,23,92.058,5
dc-sg-a1e3-s3,4683420,salehkaleybars,ResNet18,CIFAR10,100,layerwise,SGDm,Lion,1e-3,1e-3,1,1,-15:-2.3026,additive,na,0.06,3,100,100,92.76,91.89,98.92,0,node880,30,env,,0,17,20,23,92.369,4
ac-r003-s3,4687182,salehkaleybars,ResNet18,CIFAR10,100,layerwise,SGDm,Lion,1e-3,1e-3,1,1,-15:-2.3026,additive,na,0.03,3,100,100,92.53,91.79,98.14,0,node873,31,env,,0,17,20,23,92.078,5
ac-r008-s3,4687216,salehkaleybars,ResNet18,CIFAR10,100,layerwise,SGDm,Lion,1e-3,1e-3,1,1,-15:-2.3026,additive,na,0.08,3,100,100,92.62,92.0,99.3,0,node883,30,env,,0,17,20,21,92.099,4
ac-r005-s3,4687185,salehkaleybars,ResNet18,CIFAR10,100,layerwise,SGDm,Lion,1e-3,1e-3,1,1,-15:-2.3026,additive,na,0.05,3,100,100,92.36,92.16,98.63,0,node881,31,env,,0,17,20,21,91.991,5
ac-r007-s3,4687188,salehkaleybars,ResNet18,CIFAR10,100,layerwise,SGDm,Lion,1e-3,1e-3,1,1,-15:-2.3026,additive,na,0.07,3,100,100,92.46,92.14,98.92,0,node885,31,env,,0,17,20,23,92.027,5
p7-r18-lay-s3,4685654,salehkaleybars,ResNet18,CIFAR10,100,layerwise,SGDm,Lion,1e-3,1e-3,1,1,-15:-2.3026,,na,na,3,20,20,86.72,86.72,90.76,0,node881,6,env,,0,16,,,74.117,0
ac-r015-s3,4687217,salehkaleybars,ResNet18,CIFAR10,100,layerwise,SGDm,Lion,1e-3,1e-3,1,1,-15:-2.3026,additive,na,0.15,3,100,100,92.63,92.26,99.69,0,node885,30,env,,0,16,18,21,92.247,5
ac-r002-s3,4687214,salehkaleybars,ResNet18,CIFAR10,100,layerwise,SGDm,Lion,1e-3,1e-3,1,1,-15:-2.3026,additive,na,0.02,3,100,100,92.29,91.74,98.11,0,node887,31,env,,0,18,20,23,91.928,7
mx-add-r006-s3,4682881,salehkaleybars,ResNet18,CIFAR10,100,layerwise,SGDm,Lion,1e-3,1e-6,1,1,-15:-2.3026,additive,na,0.06,3,100,100,93.43,93.15,99.77,0,node885,31,env,,0,36,39,42,93.073,4
mx-add-r005-s3,4682876,salehkaleybars,ResNet18,CIFAR10,100,layerwise,SGDm,Lion,1e-3,1e-6,1,1,-15:-2.3026,additive,na,0.05,3,100,100,93.3,92.94,99.62,0,node881,30,env,,0,36,39,43,92.892,4
ac-r004-s3,4687215,salehkaleybars,ResNet18,CIFAR10,100,layerwise,SGDm,Lion,1e-3,1e-3,1,1,-15:-2.3026,additive,na,0.04,3,100,100,92.5,91.99,98.45,0,node887,31,env,,0,18,20,23,91.981,8
ac-r1-s3,4687200,salehkaleybars,ResNet18,CIFAR10,100,layerwise,SGDm,Lion,1e-3,1e-3,1,1,-15:-2.3026,additive,na,1,3,100,100,91.61,91.06,99.91,0,node873,31,env,,0,16,24,42,91.338,42
ac-r01-s3,4687190,salehkaleybars,ResNet18,CIFAR10,100,layerwise,SGDm,Lion,1e-3,1e-3,1,1,-15:-2.3026,additive,na,0.1,3,100,100,92.6,92.39,99.49,0,node873,31,env,,0,17,20,23,92.312,3
ac-r0-s3,4687180,salehkaleybars,ResNet18,CIFAR10,100,layerwise,SGDm,Lion,1e-3,1e-3,1,1,-15:-2.3026,additive,na,0,3,100,100,92.43,92.19,98.15,0,node873,31,env,,0,18,22,24,92.174,6
dc-sg-a1e4-s3,4683421,salehkaleybars,ResNet18,CIFAR10,100,layerwise,SGDm,Lion,1e-3,1e-4,1,1,-15:-2.3026,additive,na,0.06,3,100,100,92.91,92.6,99.56,0,node882,31,env,,0,25,26,29,92.573,2
mx-add-r004-s3,4682871,salehkaleybars,ResNet18,CIFAR10,100,layerwise,SGDm,Lion,1e-3,1e-6,1,1,-15:-2.3026,additive,na,0.04,3,100,100,93.02,92.8,99.34,0,node886,31,env,,0,38,39,42,92.73,3
ac-r04-s3,4687197,salehkaleybars,ResNet18,CIFAR10,100,layerwise,SGDm,Lion,1e-3,1e-3,1,1,-15:-2.3026,additive,na,0.4,3,100,100,91.58,91.2,99.88,0,node885,31,env,,0,15,21,41,91.229,45
ac-r03-s3,4687195,salehkaleybars,ResNet18,CIFAR10,100,layerwise,SGDm,Lion,1e-3,1e-3,1,1,-15:-2.3026,additive,na,0.3,3,100,100,91.83,91.75,99.88,0,node887,31,env,,0,14,18,33,91.51,34
ac-r02-s3,4687192,salehkaleybars,ResNet18,CIFAR10,100,layerwise,SGDm,Lion,1e-3,1e-3,1,1,-15:-2.3026,additive,na,0.2,3,100,100,92.1,91.82,99.84,0,node881,30,env,,0,16,20,23,91.823,20
ac-r1-s4,4687201,salehkaleybars,ResNet18,CIFAR10,100,layerwise,SGDm,Lion,1e-3,1e-3,1,1,-15:-2.3026,additive,na,1,4,100,100,91.2,90.89,99.89,0,node881,30,env,,0,15,24,44,90.87,62
ac-r007-s4,4687189,salehkaleybars,ResNet18,CIFAR10,100,layerwise,SGDm,Lion,1e-3,1e-3,1,1,-15:-2.3026,additive,na,0.07,4,100,100,92.53,92.36,98.88,0,node880,31,env,,0,18,19,22,92.167,4
p7-r18-lay-s4,4685657,salehkaleybars,ResNet18,CIFAR10,100,layerwise,SGDm,Lion,1e-3,1e-3,1,1,-15:-2.3026,,na,na,4,20,20,86.92,86.59,91.29,0,node883,6,env,,0,15,,,74.267,0
ac-r04-s4,4687198,salehkaleybars,ResNet18,CIFAR10,100,layerwise,SGDm,Lion,1e-3,1e-3,1,1,-15:-2.3026,additive,na,0.4,4,100,100,91.42,91.09,99.9,0,node880,31,env,,0,13,22,42,91.189,54
ac-r004-s4,4687219,salehkaleybars,ResNet18,CIFAR10,100,layerwise,SGDm,Lion,1e-3,1e-3,1,1,-15:-2.3026,additive,na,0.04,4,100,100,92.5,92.1,98.16,0,node883,30,env,,0,19,19,22,91.981,7
ac-r002-s4,4687218,salehkaleybars,ResNet18,CIFAR10,100,layerwise,SGDm,Lion,1e-3,1e-3,1,1,-15:-2.3026,additive,na,0.02,4,100,100,92.68,92.42,98.07,0,node883,31,env,,0,18,20,23,92.156,6
ac-r03-s4,4687196,salehkaleybars,ResNet18,CIFAR10,100,layerwise,SGDm,Lion,1e-3,1e-3,1,1,-15:-2.3026,additive,na,0.3,4,100,100,91.65,90.89,99.89,0,node868,35,env,,0,15,22,34,91.242,46
dc-sg-a1e3-s4,4683425,salehkaleybars,ResNet18,CIFAR10,100,layerwise,SGDm,Lion,1e-3,1e-3,1,1,-15:-2.3026,additive,na,0.06,4,100,100,92.59,92.23,98.64,0,node882,31,env,,0,18,19,21,92.182,4
ac-r0-s4,4687181,salehkaleybars,ResNet18,CIFAR10,100,layerwise,SGDm,Lion,1e-3,1e-3,1,1,-15:-2.3026,additive,na,0,4,100,100,92.5,92.2,98.03,0,node868,35,env,,0,18,20,26,92.232,8
mx-add-r006-s4,4682882,salehkaleybars,ResNet18,CIFAR10,100,layerwise,SGDm,Lion,1e-3,1e-6,1,1,-15:-2.3026,additive,na,0.06,4,100,100,93.4,93.34,99.78,0,node887,31,env,,0,35,39,45,93.219,5
ac-r02-s4,4687193,salehkaleybars,ResNet18,CIFAR10,100,layerwise,SGDm,Lion,1e-3,1e-3,1,1,-15:-2.3026,additive,na,0.2,4,100,100,92.16,91.82,99.81,0,node880,30,env,,0,15,18,25,91.856,17
ac-r008-s4,4687220,salehkaleybars,ResNet18,CIFAR10,100,layerwise,SGDm,Lion,1e-3,1e-3,1,1,-15:-2.3026,additive,na,0.08,4,100,100,92.56,91.92,99.18,0,node885,31,env,,0,17,19,21,92.028,4
ac-r005-s4,4687186,salehkaleybars,ResNet18,CIFAR10,100,layerwise,SGDm,Lion,1e-3,1e-3,1,1,-15:-2.3026,additive,na,0.05,4,100,100,92.76,92.65,98.44,0,node880,30,env,,0,18,19,22,92.312,4
dc-sg-a1e4-s4,4683426,salehkaleybars,ResNet18,CIFAR10,100,layerwise,SGDm,Lion,1e-3,1e-4,1,1,-15:-2.3026,additive,na,0.06,4,100,100,93.05,92.85,99.38,0,node880,30,env,,0,23,27,29,92.785,2
mx-add-r004-s4,4682872,salehkaleybars,ResNet18,CIFAR10,100,layerwise,SGDm,Lion,1e-3,1e-6,1,1,-15:-2.3026,additive,na,0.04,4,100,100,93.13,92.65,99.35,0,node883,31,env,,0,36,41,43,92.764,3
ac-r015-s4,4687221,salehkaleybars,ResNet18,CIFAR10,100,layerwise,SGDm,Lion,1e-3,1e-3,1,1,-15:-2.3026,additive,na,0.15,4,100,100,92.49,91.68,99.67,0,node883,30,env,,0,16,19,21,91.995,5
ac-r01-s4,4687191,salehkaleybars,ResNet18,CIFAR10,100,layerwise,SGDm,Lion,1e-3,1e-3,1,1,-15:-2.3026,additive,na,0.1,4,100,100,92.79,92.55,99.44,0,node883,30,env,,0,18,19,22,92.473,4
mx-add-r005-s4,4682877,salehkaleybars,ResNet18,CIFAR10,100,layerwise,SGDm,Lion,1e-3,1e-6,1,1,-15:-2.3026,additive,na,0.05,4,100,100,93.27,93.06,99.62,0,node886,31,env,,0,37,40,45,93.015,4
ac-r003-s4,4687183,salehkaleybars,ResNet18,CIFAR10,100,layerwise,SGDm,Lion,1e-3,1e-3,1,1,-15:-2.3026,additive,na,0.03,4,100,100,92.41,91.87,98.16,0,node881,31,env,,0,17,19,22,92.0,6
p7-r18-lay-s5,4685660,salehkaleybars,ResNet18,CIFAR10,100,layerwise,SGDm,Lion,1e-3,1e-3,1,1,-15:-2.3026,,na,na,5,20,20,87.9,87.9,91.77,0,node887,6,env,,0,15,,,74.653,0
p7-r18-lay-s6,4685663,salehkaleybars,ResNet18,CIFAR10,100,layerwise,SGDm,Lion,1e-3,1e-3,1,1,-15:-2.3026,,na,na,6,20,20,87.49,87.49,91.58,0,node885,6,env,,0,15,,,73.907,0
p7-r18-lay-s7,4685666,salehkaleybars,ResNet18,CIFAR10,100,layerwise,SGDm,Lion,1e-3,1e-3,1,1,-15:-2.3026,,na,na,7,20,20,87.65,87.55,91.94,0,node883,6,env,,0,14,,,74.659,0
p7-r18-lay-s8,4685669,salehkaleybars,ResNet18,CIFAR10,100,layerwise,SGDm,Lion,1e-3,1e-3,1,1,-15:-2.3026,,na,na,8,20,20,87.89,87.7,91.77,0,node886,6,env,,0,14,,,75.026,0
p7-r18-lay-s9,4685672,salehkaleybars,ResNet18,CIFAR10,100,layerwise,SGDm,Lion,1e-3,1e-3,1,1,-15:-2.3026,,na,na,9,20,20,87.41,87.41,91.5,0,node883,6,env,,0,14,,,74.318,0
n1-node-plain_s0,4681030,salehkaleybars,ResNet18,CIFAR10,100,nodewise,SGDm,Lion,1e-3,1e-6,1,1,-15:-2.3026,,na,na,0,100,100,92.1,92.07,99.76,0,node885,40,env,,0,30,37,45,91.784,22
mx_sig_nodewise_s0,4682862,salehkaleybars,ResNet18,CIFAR10,100,nodewise,SGDm,Lion,1e-3,1e-6,1,1,-15:-2.3026,,na,na,0,100,100,91.99,91.67,99.75,0,node882,41,env,,0,29,36,47,91.584,26
n1-node-L1p0_s0,4681031,salehkaleybars,ResNet18,CIFAR10,100,nodewise,SGDm,Lion,1e-3,1e-6,1,1,-15:-2.3026,shrink,1.0,na,0,100,100,92.52,92.14,97.6,0,node885,44,env,,0,49,60,67,92.056,12
p7-r18-node-s0,4685314,salehkaleybars,ResNet18,CIFAR10,100,nodewise,SGDm,Lion,1e-3,1e-3,1,1,-15:-2.3026,,na,na,0,20,20,87.08,86.06,90.69,0,node886,8,env,,0,15,,,73.057,0
v_nodewise,4679111,salehkaleybars,ResNet18,CIFAR10,100,nodewise,SGDm,Lion,1e-3,1e-6,1,?,none,,na,na,0,3,3,13.17,13.17,13.01,0,node851,3,inferred,,0,,,,,0
p3-node-L1p0,4681085,salehkaleybars,ResNet18,CIFAR10,100,nodewise,SGDm,Lion,1e-3,1e-3,1,1,-15:-2.3026,shrink,1.0,na,0,20,20,83.77,83.77,84.43,0,node887,9,env,,0,,,,65.876,0
n1-node-plain_s1,4681034,salehkaleybars,ResNet18,CIFAR10,100,nodewise,SGDm,Lion,1e-3,1e-6,1,1,-15:-2.3026,,na,na,1,100,100,91.73,91.69,99.82,0,node881,40,env,,0,31,36,48,91.52,25
mx_sig_nodewise_s1,4682863,salehkaleybars,ResNet18,CIFAR10,100,nodewise,SGDm,Lion,1e-3,1e-6,1,1,-15:-2.3026,,na,na,1,100,100,91.97,91.76,99.79,0,node881,41,env,,0,31,36,49,91.525,23
p7-r18-node-s1,4685318,salehkaleybars,ResNet18,CIFAR10,100,nodewise,SGDm,Lion,1e-3,1e-3,1,1,-15:-2.3026,,na,na,1,20,20,87.97,87.97,90.6,0,node886,8,env,,0,16,,,72.953,0
n1-node-L1p0_s1,4681035,salehkaleybars,ResNet18,CIFAR10,100,nodewise,SGDm,Lion,1e-3,1e-6,1,1,-15:-2.3026,shrink,1.0,na,1,100,100,92.7,92.42,97.69,0,node880,43,env,,0,50,57,70,92.085,11
nd-node-plain_s2,4681175,salehkaleybars,ResNet18,CIFAR10,100,nodewise,SGDm,Lion,1e-3,1e-6,1,1,-15:-2.3026,,na,na,2,100,100,91.7,91.62,99.77,0,node851,86,env,,0,31,35,48,91.339,30
mx_sig_nodewise_s2,4682864,salehkaleybars,ResNet18,CIFAR10,100,nodewise,SGDm,Lion,1e-3,1e-6,1,1,-15:-2.3026,,na,na,2,100,100,92.06,91.87,99.75,0,node883,41,env,,0,30,37,51,91.728,25
p7-r18-node-s2,4685322,salehkaleybars,ResNet18,CIFAR10,100,nodewise,SGDm,Lion,1e-3,1e-3,1,1,-15:-2.3026,,na,na,2,20,20,87.68,87.68,90.69,0,node886,8,env,,0,16,,,72.792,0
p7-r18-node-s3,4685655,salehkaleybars,ResNet18,CIFAR10,100,nodewise,SGDm,Lion,1e-3,1e-3,1,1,-15:-2.3026,,na,na,3,20,20,87.24,86.62,90.45,0,node880,8,env,,0,17,,,72.392,0
nd-node-plain_s3,4681176,salehkaleybars,ResNet18,CIFAR10,100,nodewise,SGDm,Lion,1e-3,1e-6,1,1,-15:-2.3026,,na,na,3,100,100,92.05,91.53,99.83,0,node855,83,env,,0,30,39,50,91.658,22
p7-r18-node-s4,4685658,salehkaleybars,ResNet18,CIFAR10,100,nodewise,SGDm,Lion,1e-3,1e-3,1,1,-15:-2.3026,,na,na,4,20,20,86.86,86.72,90.43,0,node886,8,env,,0,15,,,72.589,0
nd-node-plain_s4,4681177,salehkaleybars,ResNet18,CIFAR10,100,nodewise,SGDm,Lion,1e-3,1e-6,1,1,-15:-2.3026,,na,na,4,100,100,91.96,91.96,99.76,0,node855,83,env,,0,32,37,48,91.602,25
p7-r18-node-s5,4685661,salehkaleybars,ResNet18,CIFAR10,100,nodewise,SGDm,Lion,1e-3,1e-3,1,1,-15:-2.3026,,na,na,5,20,20,88.61,88.61,90.89,0,node887,8,env,,0,16,20,,73.323,0
p7-r18-node-s6,4685664,salehkaleybars,ResNet18,CIFAR10,100,nodewise,SGDm,Lion,1e-3,1e-3,1,1,-15:-2.3026,,na,na,6,20,20,88.42,88.42,90.53,0,node881,8,env,,0,16,20,,72.02,0
p7-r18-node-s7,4685667,salehkaleybars,ResNet18,CIFAR10,100,nodewise,SGDm,Lion,1e-3,1e-3,1,1,-15:-2.3026,,na,na,7,20,20,87.6,87.6,90.9,0,node887,8,env,,0,14,,,73.146,0
p7-r18-node-s8,4685670,salehkaleybars,ResNet18,CIFAR10,100,nodewise,SGDm,Lion,1e-3,1e-3,1,1,-15:-2.3026,,na,na,8,20,20,87.58,87.55,90.73,0,node880,8,env,,0,15,,,73.063,0
p7-r18-node-s9,4685673,salehkaleybars,ResNet18,CIFAR10,100,nodewise,SGDm,Lion,1e-3,1e-3,1,1,-15:-2.3026,,na,na,9,20,20,87.87,87.78,90.52,0,node883,8,env,,0,14,,,72.882,0
adg-b-r01_s0,4681164,salehkaleybars,ResNet18,CIFAR10,100,resnet18_blocks,SGDm,Lion,1e-3,1e-6,1,1,-15:-2.3026,additive,na,0.1,0,100,100,92.01,91.35,99.37,0,node887,42,env,,0,32,41,48,91.611,19
a0L-blk6-1e4_s0,4680942,salehkaleybars,ResNet18,CIFAR10,100,resnet18_blocks,SGDm,Lion,1e-3,1e-4,1,1,-15:-2.3026,,na,na,0,100,100,91.78,91.67,99.22,0,node887,42,env,,0,20,27,33,91.547,24
a0h-blk6-1e6_s0,4680886,salehkaleybars,ResNet18,CIFAR10,100,resnet18_blocks,SGDm,Lion,1e-3,1e-6,1,1,-15:-2.3026,,na,na,0,100,100,91.76,91.76,99.07,0,node851,87,env,,0,29,35,42,91.39,24
a0L-blk6-1e3_s0,4680938,salehkaleybars,ResNet18,CIFAR10,100,resnet18_blocks,SGDm,Lion,1e-3,1e-3,1,1,-15:-2.3026,,na,na,0,100,100,91.85,91.72,99.3,0,node886,42,env,,0,15,21,29,91.643,22
kb-c10-r007-s0,4685576,salehkaleybars,ResNet18,CIFAR10,100,resnet18_blocks,SGDm,Lion,1e-3,1e-3,1,1,-15:-2.3026,additive,0,0.07,0,100,100,92.18,91.97,99.61,0,node882,42,env,,0,17,26,32,91.955,16
a0L-blk6-1e6_s0,4680946,salehkaleybars,ResNet18,CIFAR10,100,resnet18_blocks,SGDm,Lion,1e-3,1e-6,1,1,-15:-2.3026,,na,na,0,100,100,91.73,91.58,99.09,0,node880,42,env,,0,29,38,41,91.433,26
h2-b-L0p1_s0,4680680,salehkaleybars,ResNet18,CIFAR10,100,resnet18_blocks,SGDm,Lion,1e-3,1e-6,1,1,-15:-2.3026,shrink,0.1,na,0,100,100,92.16,91.86,99.39,0,node886,42,env,,0,32,38,54,91.891,16
g1_sgdm_blk6_s0,4679154,salehkaleybars,ResNet18,CIFAR10,100,resnet18_blocks,SGDm,Lion,1e-3,1e-6,1,?,none,,na,na,0,100,100,91.59,91.5,99.07,0,node887,42,inferred,,0,31,35,41,91.345,24
g3_sgdmAdam_blk6_s0,4679439,salehkaleybars,ResNet18,CIFAR10,100,resnet18_blocks,SGDm,Adam,1e-3,1e-6,1,?,none,,na,na,0,100,100,90.89,90.61,99.02,0,node886,42,inferred,,0,15,20,39,90.671,76
h2-blk6_s0,4680781,salehkaleybars,ResNet18,CIFAR10,100,resnet18_blocks,SGDm,Lion,1e-3,1e-6,1,1,-15:-2.3026,shrink,0.1,na,0,100,100,92.17,91.86,99.41,0,node887,42,env,,0,32,41,53,91.77,23
sc-ResNet18-blk6-s0,4683087,salehkaleybars,ResNet18,CIFAR10,100,resnet18_blocks,SGDm,Lion,1e-3,1e-6,1,1,-15:-2.3026,,na,na,0,100,100,91.69,91.31,99.04,0,node883,42,env,,0,30,35,44,91.305,36
p7-r18-blk6-s0,4685312,salehkaleybars,ResNet18,CIFAR10,100,resnet18_blocks,SGDm,Lion,1e-3,1e-3,1,1,-15:-2.3026,,na,na,0,20,20,87.76,87.76,90.28,0,node887,8,env,,0,16,,,73.459,0
adg-b-r003_s0,4681163,salehkaleybars,ResNet18,CIFAR10,100,resnet18_blocks,SGDm,Lion,1e-3,1e-6,1,1,-15:-2.3026,additive,na,0.03,0,100,100,92.32,91.88,99.48,0,node885,42,env,,0,31,38,49,91.895,19
kb-c10-r02-s0,4685582,salehkaleybars,ResNet18,CIFAR10,100,resnet18_blocks,SGDm,Lion,1e-3,1e-3,1,1,-15:-2.3026,additive,0,0.2,0,100,100,92.11,91.59,99.52,0,node882,42,env,,0,17,25,34,91.811,13
a0h-blk6-1e3_s0,4680882,salehkaleybars,ResNet18,CIFAR10,100,resnet18_blocks,SGDm,Lion,1e-3,1e-3,1,1,-15:-2.3026,,na,na,0,100,100,91.83,91.69,99.22,0,node858,84,env,,0,14,21,26,91.634,23
a0h-blk6-1e4_s0,4680884,salehkaleybars,ResNet18,CIFAR10,100,resnet18_blocks,SGDm,Lion,1e-3,1e-4,1,1,-15:-2.3026,,na,na,0,100,100,91.77,91.64,99.2,0,node858,85,env,,0,20,28,33,91.499,22
mx_sig_resnet18_blocks_s0,4682856,salehkaleybars,ResNet18,CIFAR10,100,resnet18_blocks,SGDm,Lion,1e-3,1e-6,1,1,-15:-2.3026,,na,na,0,100,100,91.68,91.68,99.05,0,node868,43,env,,0,29,35,42,91.366,27
gate0d_blk6_s0,4653443,salehkaleybars,ResNet18,CIFAR10,100,resnet18_blocks,SGDm,Lion,1e-3,1e-6,1,?,none,,na,na,0,100,100,91.75,91.71,99.08,0,node851,85,inferred,,0,29,35,42,91.475,28
kb-c10-r0-s0,4685564,salehkaleybars,ResNet18,CIFAR10,100,resnet18_blocks,SGDm,Lion,1e-3,1e-3,1,1,-15:-2.3026,additive,0,0,0,100,100,92.38,92.1,99.65,0,node881,42,env,,0,17,26,37,92.136,14
p3-blk6-L1p0,4681083,salehkaleybars,ResNet18,CIFAR10,100,resnet18_blocks,SGDm,Lion,1e-3,1e-3,1,1,-15:-2.3026,shrink,1.0,na,0,20,20,86.79,86.79,88.86,0,node887,8,env,,0,17,,,71.109,0
n1-blk6-L1p0_s0,4681032,salehkaleybars,ResNet18,CIFAR10,100,resnet18_blocks,SGDm,Lion,1e-3,1e-6,1,1,-15:-2.3026,shrink,1.0,na,0,100,100,92.15,91.54,99.36,0,node881,42,env,,0,31,38,48,91.81,20
kb-c10-r003-s0,4685570,salehkaleybars,ResNet18,CIFAR10,100,resnet18_blocks,SGDm,Lion,1e-3,1e-3,1,1,-15:-2.3026,additive,0,0.03,0,100,100,92.52,92.17,99.69,0,node851,86,env,,0,18,26,31,92.249,14
a0L-blk6-1e6_s1,4680958,salehkaleybars,ResNet18,CIFAR10,100,resnet18_blocks,SGDm,Lion,1e-3,1e-6,1,1,-15:-2.3026,,na,na,1,100,100,91.79,91.27,99.08,0,node882,42,env,,0,29,36,46,91.459,22
a0h-blk6-1e3_s1,4680883,salehkaleybars,ResNet18,CIFAR10,100,resnet18_blocks,SGDm,Lion,1e-3,1e-3,1,1,-15:-2.3026,,na,na,1,100,100,91.7,91.66,99.22,0,node859,85,env,,0,16,23,31,91.492,27
a0L-blk6-1e3_s1,4680950,salehkaleybars,ResNet18,CIFAR10,100,resnet18_blocks,SGDm,Lion,1e-3,1e-3,1,1,-15:-2.3026,,na,na,1,100,100,91.59,91.42,99.32,0,node887,42,env,,0,16,23,33,91.424,38
p7-r18-blk6-s1,4685316,salehkaleybars,ResNet18,CIFAR10,100,resnet18_blocks,SGDm,Lion,1e-3,1e-3,1,1,-15:-2.3026,,na,na,1,20,20,87.27,87.27,89.94,0,node887,8,env,,0,16,,,73.045,0
kb-c10-r0-s1,4685566,salehkaleybars,ResNet18,CIFAR10,100,resnet18_blocks,SGDm,Lion,1e-3,1e-3,1,1,-15:-2.3026,additive,0,0,1,100,100,92.47,92.45,99.73,0,node882,42,env,,0,17,25,36,92.255,19
adg-b-r01_s1,4681168,salehkaleybars,ResNet18,CIFAR10,100,resnet18_blocks,SGDm,Lion,1e-3,1e-6,1,1,-15:-2.3026,additive,na,0.1,1,100,100,91.91,91.88,99.45,0,node882,42,env,,0,29,40,47,91.627,19
h2-blk6_s1,4680786,salehkaleybars,ResNet18,CIFAR10,100,resnet18_blocks,SGDm,Lion,1e-3,1e-6,1,1,-15:-2.3026,shrink,0.1,na,1,100,100,92.12,91.79,99.4,0,node880,42,env,,0,30,40,50,91.753,22
kb-c10-r007-s1,4685578,salehkaleybars,ResNet18,CIFAR10,100,resnet18_blocks,SGDm,Lion,1e-3,1e-3,1,1,-15:-2.3026,additive,0,0.07,1,100,100,92.15,92.0,99.67,0,node883,42,env,,0,16,24,34,91.831,22
kb-c10-r02-s1,4685584,salehkaleybars,ResNet18,CIFAR10,100,resnet18_blocks,SGDm,Lion,1e-3,1e-3,1,1,-15:-2.3026,additive,0,0.2,1,100,100,91.66,91.48,99.6,0,node883,42,env,,0,19,25,36,91.359,28
gate0d_blk6_s1,4653444,salehkaleybars,ResNet18,CIFAR10,100,resnet18_blocks,SGDm,Lion,1e-3,1e-6,1,?,none,,na,na,1,100,100,91.51,91.14,99.05,0,node885,43,inferred,,0,31,37,45,91.29,28
sc-ResNet18-blk6-s1,4683091,salehkaleybars,ResNet18,CIFAR10,100,resnet18_blocks,SGDm,Lion,1e-3,1e-6,1,1,-15:-2.3026,,na,na,1,100,100,91.88,91.68,99.08,0,node886,42,env,,0,29,37,41,91.533,23
g1_sgdm_blk6_s1,4679155,salehkaleybars,ResNet18,CIFAR10,100,resnet18_blocks,SGDm,Lion,1e-3,1e-6,1,?,none,,na,na,1,100,100,91.54,91.28,99.01,0,node887,42,inferred,,0,29,37,43,91.35,25
kb-c10-r003-s1,4685572,salehkaleybars,ResNet18,CIFAR10,100,resnet18_blocks,SGDm,Lion,1e-3,1e-3,1,1,-15:-2.3026,additive,0,0.03,1,100,100,92.02,91.84,99.69,0,node887,42,env,,0,17,25,36,91.778,23
g3_sgdmAdam_blk6_s1,4679440,salehkaleybars,ResNet18,CIFAR10,100,resnet18_blocks,SGDm,Adam,1e-3,1e-6,1,?,none,,na,na,1,100,100,90.8,90.72,99.08,0,node885,41,inferred,,0,16,21,47,90.568,70
adg-b-r003_s1,4681167,salehkaleybars,ResNet18,CIFAR10,100,resnet18_blocks,SGDm,Lion,1e-3,1e-6,1,1,-15:-2.3026,additive,na,0.03,1,100,100,92.29,92.28,99.5,0,node881,42,env,,0,30,40,50,91.892,18
n1-blk6-L1p0_s1,4681036,salehkaleybars,ResNet18,CIFAR10,100,resnet18_blocks,SGDm,Lion,1e-3,1e-6,1,1,-15:-2.3026,shrink,1.0,na,1,100,100,92.13,91.71,99.4,0,node880,41,env,,0,30,40,50,91.74,19
mx_sig_resnet18_blocks_s1,4682857,salehkaleybars,ResNet18,CIFAR10,100,resnet18_blocks,SGDm,Lion,1e-3,1e-6,1,1,-15:-2.3026,,na,na,1,100,100,91.62,91.11,99.07,0,node886,42,env,,0,30,36,43,91.406,29
a0L-blk6-1e4_s1,4680954,salehkaleybars,ResNet18,CIFAR10,100,resnet18_blocks,SGDm,Lion,1e-3,1e-4,1,1,-15:-2.3026,,na,na,1,100,100,91.56,91.27,99.28,0,node885,42,env,,0,20,28,35,91.374,36
h2-b-L0p1_s1,4680687,salehkaleybars,ResNet18,CIFAR10,100,resnet18_blocks,SGDm,Lion,1e-3,1e-6,1,1,-15:-2.3026,shrink,0.1,na,1,100,100,92.21,91.81,99.4,0,node886,42,env,,0,30,40,50,91.793,18
a0h-blk6-1e4_s1,4680885,salehkaleybars,ResNet18,CIFAR10,100,resnet18_blocks,SGDm,Lion,1e-3,1e-4,1,1,-15:-2.3026,,na,na,1,100,100,91.66,91.62,99.24,0,node851,86,env,,0,21,28,37,91.453,26
kb-c10-r0-s2,4685568,salehkaleybars,ResNet18,CIFAR10,100,resnet18_blocks,SGDm,Lion,1e-3,1e-3,1,1,-15:-2.3026,additive,0,0,2,100,100,92.26,92.25,99.66,0,node886,42,env,,0,19,26,35,92.042,21
h2-b-L0p1_s2,4680694,salehkaleybars,ResNet18,CIFAR10,100,resnet18_blocks,SGDm,Lion,1e-3,1e-6,1,1,-15:-2.3026,shrink,0.1,na,2,100,100,91.99,91.54,99.36,0,node886,42,env,,0,31,39,56,91.564,22
adg-b-r003_s2,4681171,salehkaleybars,ResNet18,CIFAR10,100,resnet18_blocks,SGDm,Lion,1e-3,1e-6,1,1,-15:-2.3026,additive,na,0.03,2,100,100,91.94,91.94,99.44,0,node887,42,env,,0,32,40,51,91.508,23
kb-c10-r003-s2,4685574,salehkaleybars,ResNet18,CIFAR10,100,resnet18_blocks,SGDm,Lion,1e-3,1e-3,1,1,-15:-2.3026,additive,0,0.03,2,100,100,92.26,92.26,99.67,0,node883,41,env,,0,17,28,36,91.958,20
adg-b-r01_s2,4681172,salehkaleybars,ResNet18,CIFAR10,100,resnet18_blocks,SGDm,Lion,1e-3,1e-6,1,1,-15:-2.3026,additive,na,0.1,2,100,100,91.91,91.91,99.43,0,node880,42,env,,0,32,39,49,91.556,20
mx_sig_resnet18_blocks_s2,4682858,salehkaleybars,ResNet18,CIFAR10,100,resnet18_blocks,SGDm,Lion,1e-3,1e-6,1,1,-15:-2.3026,,na,na,2,100,100,91.39,91.29,99.16,0,node887,42,env,,0,30,38,45,91.089,40
gate0d_blk6_s2,4653445,salehkaleybars,ResNet18,CIFAR10,100,resnet18_blocks,SGDm,Lion,1e-3,1e-6,1,?,none,,na,na,2,100,100,91.34,91.34,99.13,0,node885,42,inferred,,0,30,36,45,91.025,48
kb-c10-r007-s2,4685580,salehkaleybars,ResNet18,CIFAR10,100,resnet18_blocks,SGDm,Lion,1e-3,1e-3,1,1,-15:-2.3026,additive,0,0.07,2,100,100,91.77,91.69,99.6,0,node858,85,env,,0,18,29,39,91.597,23
h2-blk6_s2,4680791,salehkaleybars,ResNet18,CIFAR10,100,resnet18_blocks,SGDm,Lion,1e-3,1e-6,1,1,-15:-2.3026,shrink,0.1,na,2,100,100,91.81,91.78,99.29,0,node881,42,env,,0,32,41,55,91.494,24
kb-c10-r02-s2,4685586,salehkaleybars,ResNet18,CIFAR10,100,resnet18_blocks,SGDm,Lion,1e-3,1e-3,1,1,-15:-2.3026,additive,0,0.2,2,100,100,91.92,91.56,99.56,0,node885,42,env,,0,19,26,35,91.516,21
g1_sgdm_blk6_s2,4679156,salehkaleybars,ResNet18,CIFAR10,100,resnet18_blocks,SGDm,Lion,1e-3,1e-6,1,?,none,,na,na,2,100,100,91.55,91.45,99.09,0,node887,42,inferred,,0,30,36,45,91.341,28
g3_sgdmAdam_blk6_s2,4679441,salehkaleybars,ResNet18,CIFAR10,100,resnet18_blocks,SGDm,Adam,1e-3,1e-6,1,?,none,,na,na,2,100,100,90.75,90.54,99.13,0,node885,42,inferred,,0,16,21,56,90.483,72
sc-ResNet18-blk6-s2,4683095,salehkaleybars,ResNet18,CIFAR10,100,resnet18_blocks,SGDm,Lion,1e-3,1e-6,1,1,-15:-2.3026,,na,na,2,100,100,91.57,91.44,99.15,0,node881,42,env,,0,30,36,44,91.332,26
p7-r18-blk6-s2,4685320,salehkaleybars,ResNet18,CIFAR10,100,resnet18_blocks,SGDm,Lion,1e-3,1e-3,1,1,-15:-2.3026,,na,na,2,20,20,87.79,87.79,89.86,0,node881,8,env,,0,16,,,73.213,0
p7-r18-blk6-s3,4685549,salehkaleybars,ResNet18,CIFAR10,100,resnet18_blocks,SGDm,Lion,1e-3,1e-3,1,1,-15:-2.3026,,na,na,3,20,20,86.44,86.44,89.14,0,node886,8,env,,0,17,,,72.537,0
p7-r18-blk6-s4,4685551,salehkaleybars,ResNet18,CIFAR10,100,resnet18_blocks,SGDm,Lion,1e-3,1e-3,1,1,-15:-2.3026,,na,na,4,20,20,86.68,86.15,89.48,0,node880,8,env,,0,17,,,73.024,0
p7-r18-blk6-s5,4685553,salehkaleybars,ResNet18,CIFAR10,100,resnet18_blocks,SGDm,Lion,1e-3,1e-3,1,1,-15:-2.3026,,na,na,5,20,20,88.05,88.05,90.35,0,node885,8,env,,0,15,20,,73.544,0
p7-r18-blk6-s6,4685555,salehkaleybars,ResNet18,CIFAR10,100,resnet18_blocks,SGDm,Lion,1e-3,1e-3,1,1,-15:-2.3026,,na,na,6,20,20,87.04,87.04,89.89,0,node887,8,env,,0,17,,,72.338,0
p7-r18-blk6-s7,4685557,salehkaleybars,ResNet18,CIFAR10,100,resnet18_blocks,SGDm,Lion,1e-3,1e-3,1,1,-15:-2.3026,,na,na,7,20,20,87.08,87.08,90.29,0,node881,8,env,,0,16,,,73.357,0
p7-r18-blk6-s8,4685559,salehkaleybars,ResNet18,CIFAR10,100,resnet18_blocks,SGDm,Lion,1e-3,1e-3,1,1,-15:-2.3026,,na,na,8,20,20,88.05,88.05,90.29,0,node882,8,env,,0,14,20,,73.762,0
p7-r18-blk6-s9,4685561,salehkaleybars,ResNet18,CIFAR10,100,resnet18_blocks,SGDm,Lion,1e-3,1e-3,1,1,-15:-2.3026,,na,na,9,20,20,87.18,87.1,90.31,0,node886,8,env,,0,16,,,73.138,0
rs-scal-3e5-s0,4700356,salehkaleybars,ResNet18,CIFAR10,100,scalar,SGDm,Lion,3e-5,1e-3,1,1,-15:-2.3026,,na,na,0,96,100,92.43,91.17,97.87,0,node886,,env,,0,28,43,53,91.638,21
gate0d_scal_s0,4653440,salehkaleybars,ResNet18,CIFAR10,100,scalar,SGDm,Lion,1e-3,1e-6,1,?,none,,na,na,0,100,100,88.15,88.15,93.71,0,node851,91,inferred,,0,39,92,,87.775,0
v_inert,4679109,salehkaleybars,ResNet18,CIFAR10,100,scalar,SGDm,Lion,1e-3,1e-6,1,?,none,,na,na,0,5,5,13.75,13.75,13.67,0,node851,5,inferred,,0,,,,,0
a0h-scal-1e4_s0,4680812,salehkaleybars,ResNet18,CIFAR10,100,scalar,SGDm,Lion,1e-3,1e-4,1,1,-15:-2.3026,,na,na,0,100,100,88.24,87.95,94.18,0,node858,93,env,,0,28,66,,88.039,0
e300-scal_s0,4680994,salehkaleybars,ResNet18,CIFAR10,100,scalar,SGDm,Lion,1e-3,1e-3,1,1,-15:-2.3026,,na,na,0,300,300,88.43,88.2,95.24,0,node881,126,env,,0,24,85,,88.203,0
rs-scal-3e4-s0,4700357,salehkaleybars,ResNet18,CIFAR10,100,scalar,SGDm,Lion,3e-4,1e-3,1,1,-15:-2.3026,,na,na,0,96,100,89.41,89.38,93.8,0,node887,,env,,0,19,26,,89.218,58
a0L-scal-1e4_s0,4680941,salehkaleybars,ResNet18,CIFAR10,100,scalar,SGDm,Lion,1e-3,1e-4,1,1,-15:-2.3026,,na,na,0,100,100,87.96,87.69,93.77,0,node887,42,env,,0,27,,,87.726,0
rs-scal-1e5-s0,4700355,salehkaleybars,ResNet18,CIFAR10,100,scalar,SGDm,Lion,1e-5,1e-3,1,1,-15:-2.3026,,na,na,0,97,100,91.9,90.29,95.93,0,node885,,env,,0,34,45,59,90.56,37
mx_sig_scalar_s0,4682853,salehkaleybars,ResNet18,CIFAR10,100,scalar,SGDm,Lion,1e-3,1e-6,1,1,-15:-2.3026,,na,na,0,100,100,87.74,87.67,93.5,0,node868,44,env,,0,39,,,87.526,0
det_off,4679320,salehkaleybars,ResNet18,CIFAR10,100,scalar,SGDm,Lion,1e-3,1e-6,1,?,none,,na,na,0,5,5,13.75,13.75,13.66,0,node886,2,inferred,,0,,,,,0
zm0-ref-scalar,4682707,salehkaleybars,ResNet18,CIFAR10,100,scalar,SGDm,Lion,1e-3,1e-6,1,1,-15:-2.3026,,na,na,0,20,20,71.39,71.39,70.68,0,node855,19,env,,0,,,,32.588,0
a0L-scal-1e3_s0,4680937,salehkaleybars,ResNet18,CIFAR10,100,scalar,SGDm,Lion,1e-3,1e-3,1,1,-15:-2.3026,,na,na,0,100,100,88.21,88.02,94.03,0,node885,42,env,,0,24,66,,87.891,0
a0L-scal-1e6_s0,4680945,salehkaleybars,ResNet18,CIFAR10,100,scalar,SGDm,Lion,1e-3,1e-6,1,1,-15:-2.3026,,na,na,0,100,100,87.95,87.64,93.74,0,node881,42,env,,0,39,,,87.724,0
g3_sgdmAdam_scal_s0,4679436,salehkaleybars,ResNet18,CIFAR10,100,scalar,SGDm,Adam,1e-3,1e-6,1,?,none,,na,na,0,100,100,88.45,87.97,94.12,0,node880,42,inferred,,0,24,55,,88.136,0
v2_off,4679121,salehkaleybars,ResNet18,CIFAR10,100,scalar,SGDm,Lion,1e-3,1e-6,1,?,none,,na,na,0,5,5,13.75,13.75,13.67,0,node851,4,inferred,,0,,,,,0
det_a,4679318,salehkaleybars,ResNet18,CIFAR10,100,scalar,SGDm,Lion,1e-3,1e-6,1,?,none,,na,na,0,5,5,13.74,13.74,13.67,0,node886,2,inferred,,0,,,,,0
g1_sgdm_scal_s0,4679151,salehkaleybars,ResNet18,CIFAR10,100,scalar,SGDm,Lion,1e-3,1e-6,1,?,none,,na,na,0,100,100,88.27,88.0,93.57,0,node886,42,inferred,,0,39,82,,87.908,0
a0h-scal-1e6_s0,4680821,salehkaleybars,ResNet18,CIFAR10,100,scalar,SGDm,Lion,1e-3,1e-6,1,1,-15:-2.3026,,na,na,0,100,100,88.07,87.58,93.56,0,node859,91,env,,0,39,91,,87.808,0
sc-ResNet18-scal-s0,4683086,salehkaleybars,ResNet18,CIFAR10,100,scalar,SGDm,Lion,1e-3,1e-6,1,1,-15:-2.3026,,na,na,0,100,100,88.36,88.09,93.57,0,node885,42,env,,0,39,84,,88.017,0
det_b,4679319,salehkaleybars,ResNet18,CIFAR10,100,scalar,SGDm,Lion,1e-3,1e-6,1,?,none,,na,na,0,5,5,13.74,13.74,13.68,0,node886,2,inferred,,0,,,,,0
a0h-scal-1e3_s0,4680809,salehkaleybars,ResNet18,CIFAR10,100,scalar,SGDm,Lion,1e-3,1e-3,1,1,-15:-2.3026,,na,na,0,100,100,88.28,87.98,93.87,0,node851,91,env,,0,24,65,,87.951,0
p3-scal,4681082,salehkaleybars,ResNet18,CIFAR10,100,scalar,SGDm,Lion,1e-3,1e-3,1,1,-15:-2.3026,,na,na,0,20,20,84.16,84.16,86.15,0,node887,8,env,,0,,,,71.943,0
zv-ref-scalar,4681110,salehkaleybars,ResNet18,CIFAR10,100,scalar,SGDm,Lion,1e-3,1e-6,1,1,-15:-2.3026,,na,na,0,4,4,13.5,13.5,13.47,0,node885,1,env,,0,,,,,0
d2_inert,4679311,salehkaleybars,ResNet18,CIFAR10,100,scalar,SGDm,Lion,1e-3,1e-6,1,?,none,,na,na,0,5,5,13.73,13.73,13.68,0,node886,2,inferred,,0,,,,,0
g3_sgdmAdam_scal_s1,4679437,salehkaleybars,ResNet18,CIFAR10,100,scalar,SGDm,Adam,1e-3,1e-6,1,?,none,,na,na,1,100,100,18.47,18.3,17.98,0,node881,42,inferred,,0,,,,18.34,0
sc-ResNet18-scal-s1,4683090,salehkaleybars,ResNet18,CIFAR10,100,scalar,SGDm,Lion,1e-3,1e-6,1,1,-15:-2.3026,,na,na,1,100,100,88.11,87.94,94.1,0,node887,42,env,,0,34,96,,87.742,0
gate0d_scal_s1,4653441,salehkaleybars,ResNet18,CIFAR10,100,scalar,SGDm,Lion,1e-3,1e-6,1,?,none,,na,na,1,100,100,87.99,87.83,94.09,0,node851,91,inferred,,0,36,,,87.631,0
rs-scal-1e5-s1,4700361,salehkaleybars,ResNet18,CIFAR10,100,scalar,SGDm,Lion,1e-5,1e-3,1,1,-15:-2.3026,,na,na,1,51,100,88.71,88.71,91.72,0,node886,,env,,0,30,46,,86.65,0
rs-scal-3e5-s1,4700362,salehkaleybars,ResNet18,CIFAR10,100,scalar,SGDm,Lion,3e-5,1e-3,1,1,-15:-2.3026,,na,na,1,49,100,89.78,88.95,92.46,0,node874,,env,,0,29,43,,87.262,2
e300-scal_s1,4680997,salehkaleybars,ResNet18,CIFAR10,100,scalar,SGDm,Lion,1e-3,1e-3,1,1,-15:-2.3026,,na,na,1,300,300,88.54,88.43,95.53,0,node886,127,env,,0,24,77,,88.372,0
a0h-scal-1e3_s1,4680815,salehkaleybars,ResNet18,CIFAR10,100,scalar,SGDm,Lion,1e-3,1e-3,1,1,-15:-2.3026,,na,na,1,100,100,88.07,87.85,94.27,0,node858,92,env,,0,24,88,,87.81,0
a0h-scal-1e4_s1,4680818,salehkaleybars,ResNet18,CIFAR10,100,scalar,SGDm,Lion,1e-3,1e-4,1,1,-15:-2.3026,,na,na,1,100,100,88.06,87.85,94.44,0,node851,94,env,,0,27,86,,87.779,0
a0L-scal-1e6_s1,4680957,salehkaleybars,ResNet18,CIFAR10,100,scalar,SGDm,Lion,1e-3,1e-6,1,1,-15:-2.3026,,na,na,1,100,100,87.95,87.93,94.05,0,node887,42,env,,0,34,,,87.737,0
rs-scal-3e4-s1,4700363,salehkaleybars,ResNet18,CIFAR10,100,scalar,SGDm,Lion,3e-4,1e-3,1,1,-15:-2.3026,,na,na,1,22,100,86.64,86.51,88.83,0,node887,,env,,0,19,,,73.266,0
g1_sgdm_scal_s1,4679152,salehkaleybars,ResNet18,CIFAR10,100,scalar,SGDm,Lion,1e-3,1e-6,1,?,none,,na,na,1,100,100,88.02,88.02,93.98,0,node886,42,inferred,,0,34,95,,87.788,0
a0L-scal-1e3_s1,4680949,salehkaleybars,ResNet18,CIFAR10,100,scalar,SGDm,Lion,1e-3,1e-3,1,1,-15:-2.3026,,na,na,1,100,100,88.18,87.92,94.39,0,node885,42,env,,0,25,88,,87.804,0
a0L-scal-1e4_s1,4680953,salehkaleybars,ResNet18,CIFAR10,100,scalar,SGDm,Lion,1e-3,1e-4,1,1,-15:-2.3026,,na,na,1,100,100,88.41,88.32,94.25,0,node886,42,env,,0,26,66,,88.126,0
mx_sig_scalar_s1,4682854,salehkaleybars,ResNet18,CIFAR10,100,scalar,SGDm,Lion,1e-3,1e-6,1,1,-15:-2.3026,,na,na,1,100,100,88.01,88.01,93.95,0,node868,47,env,,0,32,100,,87.75,0
mx_sig_scalar_s2,4682855,salehkaleybars,ResNet18,CIFAR10,100,scalar,SGDm,Lion,1e-3,1e-6,1,1,-15:-2.3026,,na,na,2,100,100,88.06,88.0,93.86,0,node864,46,env,,0,38,88,,87.819,0
sc-ResNet18-scal-s2,4683094,salehkaleybars,ResNet18,CIFAR10,100,scalar,SGDm,Lion,1e-3,1e-6,1,1,-15:-2.3026,,na,na,2,100,100,87.94,87.94,93.85,0,node887,42,env,,0,38,,,87.699,0
g3_sgdmAdam_scal_s2,4679438,salehkaleybars,ResNet18,CIFAR10,100,scalar,SGDm,Adam,1e-3,1e-6,1,?,none,,na,na,2,100,100,20.71,20.38,20.75,0,node886,42,inferred,,0,,,,20.45,0
gate0d_scal_s2,4653442,salehkaleybars,ResNet18,CIFAR10,100,scalar,SGDm,Lion,1e-3,1e-6,1,?,none,,na,na,2,100,100,88.01,87.92,93.88,0,node851,92,inferred,,0,38,92,,87.787,0
rs-scal-1e5-s2,4700367,salehkaleybars,ResNet18,CIFAR10,100,scalar,SGDm,Lion,1e-5,1e-3,1,1,-15:-2.3026,,na,na,2,16,100,71.84,71.84,72.9,0,node886,,env,,0,,,,,0
g1_sgdm_scal_s2,4679153,salehkaleybars,ResNet18,CIFAR10,100,scalar,SGDm,Lion,1e-3,1e-6,1,?,none,,na,na,2,100,100,87.97,87.78,93.91,0,node887,42,inferred,,0,38,,,87.779,0
hs-w-lam05_s0,4680583,salehkaleybars,ResNet18,CIFAR10,100,weightwise,SGDm,Lion,1e-3,1e-6,1,?,-15:-2.3026,shrink,0.5,na,0,100,100,46.37,46.37,45.15,0,node885,46,inferred,,0,,,,42.631,0
d4_clipW_s0,4679606,salehkaleybars,ResNet18,CIFAR10,100,weightwise,SGDm,Lion,1e-3,1e-6,1,?,-15:-2.3026,,na,na,0,100,100,79.7,79.7,82.07,0,node886,42,inferred,,0,,,,78.125,0
mx_sig_weightwise_s0,4682865,salehkaleybars,ResNet18,CIFAR10,100,weightwise,SGDm,Lion,1e-3,1e-6,1,1,-15:-2.3026,,na,na,0,100,100,79.64,79.64,82.11,0,node859,82,env,,0,,,,78.017,0
h2-w-L1e5_s0,4680699,salehkaleybars,ResNet18,CIFAR10,100,weightwise,SGDm,Lion,1e-3,1e-6,1,1,-15:-2.3026,shrink,0.00001,na,0,100,100,79.1,79.1,81.12,0,node886,46,env,,0,,,,77.307,0
zv-w-r0,4681115,salehkaleybars,ResNet18,CIFAR10,100,weightwise,SGDm,Lion,1e-3,1e-6,1,1,-15:-2.3026,zpool,na,0,0,4,4,13.49,13.49,13.47,0,node887,1,env,,0,,,,,0
zm0-w-r1,4682711,salehkaleybars,ResNet18,CIFAR10,100,weightwise,SGDm,Lion,1e-3,1e-6,1,1,-15:-2.3026,zmpool,na,1,0,20,20,42.7,42.7,40.3,0,node858,16,env,,0,,,,24.561,0
d1_metaAdam_s0,4679273,salehkaleybars,ResNet18,CIFAR10,100,weightwise,SGDm,Adam,1e-3,1e-6,1,?,none,,na,na,0,100,100,50.35,50.35,49.43,0,node880,42,inferred,,0,,,,47.436,0
zv-ref-weight,4681112,salehkaleybars,ResNet18,CIFAR10,100,weightwise,SGDm,Lion,1e-3,1e-6,1,1,-15:-2.3026,,na,na,0,4,4,13.52,13.52,13.5,0,node887,1,env,,0,,,,,0
p3-w-L1p0,4681086,salehkaleybars,ResNet18,CIFAR10,100,weightwise,SGDm,Lion,1e-3,1e-3,1,1,-15:-2.3026,shrink,1.0,na,0,20,20,77.46,75.6,78.6,0,node881,9,env,,0,,,,60.76,0
d2_collapse_s0,4679312,salehkaleybars,ResNet18,CIFAR10,100,weightwise,SGDm,Lion,1e-3,1e-6,1,?,none,,na,na,0,100,100,69.52,10.0,10.0,1,node886,41,inferred,,0,,,,10.0,0
n1-w-L1p0_s0,4681033,salehkaleybars,ResNet18,CIFAR10,100,weightwise,SGDm,Lion,1e-3,1e-6,1,1,-15:-2.3026,shrink,1.0,na,0,100,100,46.22,46.22,45.13,0,node882,47,env,,0,,,,42.617,0
zsw-w-r03_s0,4681677,salehkaleybars,ResNet18,CIFAR10,100,weightwise,SGDm,Lion,1e-3,1e-6,1,1,-15:-2.3026,zpool,na,0.3,0,100,100,88.29,88.13,94.15,0,node880,42,env,,0,39,79,,88.039,0
zsw-w-r07_s0,4681681,salehkaleybars,ResNet18,CIFAR10,100,weightwise,SGDm,Lion,1e-3,1e-6,1,1,-15:-2.3026,zpool,na,0.7,0,100,100,88.42,88.16,94.81,0,node887,42,env,,0,39,83,,87.981,0
zsw-w-r1_s0,4681683,salehkaleybars,ResNet18,CIFAR10,100,weightwise,SGDm,Lion,1e-3,1e-6,1,1,-15:-2.3026,zpool,na,1,0,100,100,79.68,79.68,82.09,0,node887,41,env,,0,,,,78.074,0
zb-w-r0,4681233,salehkaleybars,ResNet18,CIFAR10,100,weightwise,SGDm,Lion,1e-3,1e-6,1,1,-15:-2.3026,zpool,na,0,0,20,20,69.88,69.88,70.49,0,node887,8,env,,0,,,,32.454,0
p7-r18-w-s0,4685315,salehkaleybars,ResNet18,CIFAR10,100,weightwise,SGDm,Lion,1e-3,1e-3,1,1,-15:-2.3026,,na,na,0,20,20,83.75,83.75,85.47,0,node882,8,env,,0,,,,68.77,0
zm0-ref-weight,4682709,salehkaleybars,ResNet18,CIFAR10,100,weightwise,SGDm,Lion,1e-3,1e-6,1,1,-15:-2.3026,,na,na,0,20,20,42.75,42.75,40.32,0,node858,16,env,,0,,,,24.555,0
zsw-w-r0_s0,4681673,salehkaleybars,ResNet18,CIFAR10,100,weightwise,SGDm,Lion,1e-3,1e-6,1,1,-15:-2.3026,zpool,na,0,0,100,100,88.04,87.9,93.68,0,node881,42,env,,0,39,96,,87.761,0
zm0-w-r0,4682713,salehkaleybars,ResNet18,CIFAR10,100,weightwise,SGDm,Lion,1e-3,1e-6,1,1,-15:-2.3026,zmpool,na,0,0,20,20,70.49,70.49,70.52,0,node851,18,env,,0,,,,32.26,0
zsw-w-r01_s0,4681675,salehkaleybars,ResNet18,CIFAR10,100,weightwise,SGDm,Lion,1e-3,1e-6,1,1,-15:-2.3026,zpool,na,0.1,0,100,100,88.18,87.83,93.82,0,node886,43,env,,0,39,96,,87.772,0
zv-w-r1,4681116,salehkaleybars,ResNet18,CIFAR10,100,weightwise,SGDm,Lion,1e-3,1e-6,1,1,-15:-2.3026,zpool,na,1,0,4,4,13.52,13.52,13.51,0,node887,1,env,,0,,,,,0
ha-w-r01_s0,4680584,salehkaleybars,ResNet18,CIFAR10,100,weightwise,SGDm,Lion,1e-3,1e-6,1,?,-15:-2.3026,additive,na,0.1,0,100,100,49.87,49.87,48.91,0,node885,47,inferred,,0,,,,47.352,0
v_weightwise,4679112,salehkaleybars,ResNet18,CIFAR10,100,weightwise,SGDm,Lion,1e-3,1e-6,1,?,none,,na,na,0,3,3,13.19,13.19,13.03,0,node851,3,inferred,,0,,,,,0
d3_g999_s0,4679434,salehkaleybars,ResNet18,CIFAR10,100,weightwise,SGDm,Lion,1e-3,1e-6,0.999,?,none,,na,na,0,100,100,72.3,10.0,10.0,1,node885,41,inferred,,0,,,,10.0,0
zsw-w-r05_s0,4681679,salehkaleybars,ResNet18,CIFAR10,100,weightwise,SGDm,Lion,1e-3,1e-6,1,1,-15:-2.3026,zpool,na,0.5,0,100,100,88.17,87.92,94.13,0,node881,43,env,,0,39,91,,87.859,0
h2-w-L1e4_s0,4680698,salehkaleybars,ResNet18,CIFAR10,100,weightwise,SGDm,Lion,1e-3,1e-6,1,1,-15:-2.3026,shrink,0.0001,na,0,100,100,70.13,70.13,70.6,0,node886,46,env,,0,,,,68.476,0
d3_g1_s0,4679432,salehkaleybars,ResNet18,CIFAR10,100,weightwise,SGDm,Lion,1e-3,1e-6,1,?,none,,na,na,0,100,100,72.08,10.0,10.0,1,node882,40,inferred,,0,,,,10.0,0
g1_sgdm_weight_s0,4679160,salehkaleybars,ResNet18,CIFAR10,100,weightwise,SGDm,Lion,1e-3,1e-6,1,?,none,,na,na,0,100,100,70.09,10.0,10.0,1,node870,48,inferred,,0,,,,10.0,0
hs-w-lam001_s0,4680581,salehkaleybars,ResNet18,CIFAR10,100,weightwise,SGDm,Lion,1e-3,1e-6,1,?,-15:-2.3026,shrink,0.01,na,0,100,100,47.24,47.24,46.0,0,node882,46,inferred,,0,,,,43.548,0
ha-w-r03_s0,4680585,salehkaleybars,ResNet18,CIFAR10,100,weightwise,SGDm,Lion,1e-3,1e-6,1,?,-15:-2.3026,additive,na,0.3,0,100,100,67.13,67.13,66.36,0,node886,48,inferred,,0,,,,64.375,0
hs-w-lam01_s0,4680582,salehkaleybars,ResNet18,CIFAR10,100,weightwise,SGDm,Lion,1e-3,1e-6,1,?,-15:-2.3026,shrink,0.1,na,0,100,100,46.42,46.42,45.2,0,node885,46,inferred,,0,,,,42.693,0
mx_sig_weightwise_s1,4682866,salehkaleybars,ResNet18,CIFAR10,100,weightwise,SGDm,Lion,1e-3,1e-6,1,1,-15:-2.3026,,na,na,1,100,100,79.54,79.54,82.56,0,node881,42,env,,0,,,,78.032,0
d4_clipW_s1,4679608,salehkaleybars,ResNet18,CIFAR10,100,weightwise,SGDm,Lion,1e-3,1e-6,1,?,-15:-2.3026,,na,na,1,100,100,79.59,79.59,82.48,0,node886,41,inferred,,0,,,,78.028,0
p7-r18-w-s1,4685319,salehkaleybars,ResNet18,CIFAR10,100,weightwise,SGDm,Lion,1e-3,1e-3,1,1,-15:-2.3026,,na,na,1,20,20,83.47,83.47,85.15,0,node882,8,env,,0,,,,68.749,0
hs-w-lam001_s1,4680587,salehkaleybars,ResNet18,CIFAR10,100,weightwise,SGDm,Lion,1e-3,1e-6,1,?,-15:-2.3026,shrink,0.01,na,1,100,100,52.21,52.21,51.13,0,node886,46,inferred,,0,,,,48.566,0
n1-w-L1p0_s1,4681037,salehkaleybars,ResNet18,CIFAR10,100,weightwise,SGDm,Lion,1e-3,1e-6,1,1,-15:-2.3026,shrink,1.0,na,1,100,100,51.63,51.63,50.73,0,node880,46,env,,0,,,,47.764,0
d3_g999_s1,4679435,salehkaleybars,ResNet18,CIFAR10,100,weightwise,SGDm,Lion,1e-3,1e-6,0.999,?,none,,na,na,1,100,100,64.43,10.0,10.0,1,node885,40,inferred,,0,,,,10.0,0
zsw-w-r1_s1,4681695,salehkaleybars,ResNet18,CIFAR10,100,weightwise,SGDm,Lion,1e-3,1e-6,1,1,-15:-2.3026,zpool,na,1,1,100,100,79.42,79.34,82.59,0,node887,41,env,,0,,,,78.063,0
hs-w-lam01_s1,4680588,salehkaleybars,ResNet18,CIFAR10,100,weightwise,SGDm,Lion,1e-3,1e-6,1,?,-15:-2.3026,shrink,0.1,na,1,100,100,51.72,51.72,50.75,0,node886,46,inferred,,0,,,,47.827,0
h2-w-L1e5_s1,4680701,salehkaleybars,ResNet18,CIFAR10,100,weightwise,SGDm,Lion,1e-3,1e-6,1,1,-15:-2.3026,shrink,0.00001,na,1,100,100,78.86,78.86,81.45,0,node887,46,env,,0,,,,77.502,0
g1_sgdm_weight_s1,4679161,salehkaleybars,ResNet18,CIFAR10,100,weightwise,SGDm,Lion,1e-3,1e-6,1,?,none,,na,na,1,100,100,63.68,10.0,10.0,1,node851,86,inferred,,0,,,,10.0,0
zsw-w-r01_s1,4681687,salehkaleybars,ResNet18,CIFAR10,100,weightwise,SGDm,Lion,1e-3,1e-6,1,1,-15:-2.3026,zpool,na,0.1,1,100,100,88.25,88.12,93.87,0,node885,42,env,,0,36,86,,87.938,0
zsw-w-r03_s1,4681689,salehkaleybars,ResNet18,CIFAR10,100,weightwise,SGDm,Lion,1e-3,1e-6,1,1,-15:-2.3026,zpool,na,0.3,1,100,100,88.07,88.07,94.26,0,node880,43,env,,0,35,100,,87.708,0
d3_g1_s1,4679433,salehkaleybars,ResNet18,CIFAR10,100,weightwise,SGDm,Lion,1e-3,1e-6,1,?,none,,na,na,1,100,100,64.03,10.0,10.0,1,node885,40,inferred,,0,,,,10.0,0
ha-w-r01_s1,4680590,salehkaleybars,ResNet18,CIFAR10,100,weightwise,SGDm,Lion,1e-3,1e-6,1,?,-15:-2.3026,additive,na,0.1,1,100,100,52.74,52.74,51.23,0,node886,47,inferred,,0,,,,50.071,0
h2-w-L1e4_s1,4680700,salehkaleybars,ResNet18,CIFAR10,100,weightwise,SGDm,Lion,1e-3,1e-6,1,1,-15:-2.3026,shrink,0.0001,na,1,100,100,70.34,70.34,71.13,0,node886,46,env,,0,,,,68.925,0
zsw-w-r0_s1,4681685,salehkaleybars,ResNet18,CIFAR10,100,weightwise,SGDm,Lion,1e-3,1e-6,1,1,-15:-2.3026,zpool,na,0,1,100,100,88.07,88.02,93.97,0,node881,42,env,,0,34,93,,87.796,0
zsw-w-r07_s1,4681693,salehkaleybars,ResNet18,CIFAR10,100,weightwise,SGDm,Lion,1e-3,1e-6,1,1,-15:-2.3026,zpool,na,0.7,1,100,100,88.53,88.34,95.1,0,node885,42,env,,0,34,76,,88.18,0
zsw-w-r05_s1,4681691,salehkaleybars,ResNet18,CIFAR10,100,weightwise,SGDm,Lion,1e-3,1e-6,1,1,-15:-2.3026,zpool,na,0.5,1,100,100,88.36,88.36,94.35,0,node882,43,env,,0,34,88,,87.94,0
ha-w-r03_s1,4680591,salehkaleybars,ResNet18,CIFAR10,100,weightwise,SGDm,Lion,1e-3,1e-6,1,?,-15:-2.3026,additive,na,0.3,1,100,100,66.09,66.09,66.91,0,node886,47,inferred,,0,,,,63.974,0
d1_metaAdam_s1,4679274,salehkaleybars,ResNet18,CIFAR10,100,weightwise,SGDm,Adam,1e-3,1e-6,1,?,none,,na,na,1,100,100,50.29,50.23,50.11,0,node881,42,inferred,,0,,,,48.384,0
d2_collapse_s1,4679313,salehkaleybars,ResNet18,CIFAR10,100,weightwise,SGDm,Lion,1e-3,1e-6,1,?,none,,na,na,1,100,100,65.03,10.0,10.0,1,node886,40,inferred,,0,,,,10.0,0
hs-w-lam05_s1,4680589,salehkaleybars,ResNet18,CIFAR10,100,weightwise,SGDm,Lion,1e-3,1e-6,1,?,-15:-2.3026,shrink,0.5,na,1,100,100,51.75,51.75,50.72,0,node886,46,inferred,,0,,,,47.807,0
g1_sgdm_weight_s2,4679162,salehkaleybars,ResNet18,CIFAR10,100,weightwise,SGDm,Lion,1e-3,1e-6,1,?,none,,na,na,2,100,100,65.85,10.0,10.0,1,node882,40,inferred,,0,,,,10.0,0
zsw-w-r05_s2,4681703,salehkaleybars,ResNet18,CIFAR10,100,weightwise,SGDm,Lion,1e-3,1e-6,1,1,-15:-2.3026,zpool,na,0.5,2,100,100,88.31,88.11,94.26,0,node886,43,env,,0,38,82,,87.979,0
zsw-w-r0_s2,4681697,salehkaleybars,ResNet18,CIFAR10,100,weightwise,SGDm,Lion,1e-3,1e-6,1,1,-15:-2.3026,zpool,na,0,2,100,100,88.11,87.96,93.91,0,node887,42,env,,0,38,92,,87.707,0
zsw-w-r1_s2,4681707,salehkaleybars,ResNet18,CIFAR10,100,weightwise,SGDm,Lion,1e-3,1e-6,1,1,-15:-2.3026,zpool,na,1,2,100,100,78.95,78.94,81.58,0,node885,41,env,,0,,,,77.329,0
d1_metaAdam_s2,4679275,salehkaleybars,ResNet18,CIFAR10,100,weightwise,SGDm,Adam,1e-3,1e-6,1,?,none,,na,na,2,100,100,51.61,51.58,49.59,0,node882,41,inferred,,0,,,,49.153,0
d4_clipW_s2,4679610,salehkaleybars,ResNet18,CIFAR10,100,weightwise,SGDm,Lion,1e-3,1e-6,1,?,-15:-2.3026,,na,na,2,100,100,78.86,78.86,81.51,0,node886,41,inferred,,0,,,,77.31,0
zsw-w-r03_s2,4681701,salehkaleybars,ResNet18,CIFAR10,100,weightwise,SGDm,Lion,1e-3,1e-6,1,1,-15:-2.3026,zpool,na,0.3,2,100,100,88.43,88.09,93.94,0,node885,43,env,,0,38,79,,88.112,0
p7-r18-w-s2,4685323,salehkaleybars,ResNet18,CIFAR10,100,weightwise,SGDm,Lion,1e-3,1e-3,1,1,-15:-2.3026,,na,na,2,20,20,83.4,83.33,85.18,0,node882,8,env,,0,,,,68.232,0
zsw-w-r01_s2,4681699,salehkaleybars,ResNet18,CIFAR10,100,weightwise,SGDm,Lion,1e-3,1e-6,1,1,-15:-2.3026,zpool,na,0.1,2,100,100,87.99,87.94,93.92,0,node881,42,env,,0,38,,,87.764,0
mx_sig_weightwise_s2,4682867,salehkaleybars,ResNet18,CIFAR10,100,weightwise,SGDm,Lion,1e-3,1e-6,1,1,-15:-2.3026,,na,na,2,100,100,78.95,78.95,81.53,0,node887,42,env,,0,,,,77.417,0
zsw-w-r07_s2,4681705,salehkaleybars,ResNet18,CIFAR10,100,weightwise,SGDm,Lion,1e-3,1e-6,1,1,-15:-2.3026,zpool,na,0.7,2,100,100,88.33,88.03,94.92,0,node880,42,env,,0,36,91,,87.9,0
d1_metaLion_s3,4679276,salehkaleybars,ResNet18,CIFAR10,100,weightwise,SGDm,Lion,1e-3,1e-6,1,?,none,,na,na,3,100,100,65.29,10.0,10.0,1,node882,40,inferred,,0,,,,10.0,0
p7-r18-w-s3,4685656,salehkaleybars,ResNet18,CIFAR10,100,weightwise,SGDm,Lion,1e-3,1e-3,1,1,-15:-2.3026,,na,na,3,20,20,82.94,82.4,84.72,0,node886,8,env,,0,,,,68.387,0
p7-r18-w-s4,4685659,salehkaleybars,ResNet18,CIFAR10,100,weightwise,SGDm,Lion,1e-3,1e-3,1,1,-15:-2.3026,,na,na,4,20,20,83.0,83.0,85.1,0,node880,8,env,,0,,,,68.366,0
p7-r18-w-s5,4685662,salehkaleybars,ResNet18,CIFAR10,100,weightwise,SGDm,Lion,1e-3,1e-3,1,1,-15:-2.3026,,na,na,5,20,20,84.02,84.02,85.63,0,node885,8,env,,0,,,,68.671,0
p7-r18-w-s6,4685665,salehkaleybars,ResNet18,CIFAR10,100,weightwise,SGDm,Lion,1e-3,1e-3,1,1,-15:-2.3026,,na,na,6,20,20,83.86,83.86,84.96,0,node880,8,env,,0,,,,68.004,0
p7-r18-w-s7,4685668,salehkaleybars,ResNet18,CIFAR10,100,weightwise,SGDm,Lion,1e-3,1e-3,1,1,-15:-2.3026,,na,na,7,20,20,84.51,84.51,85.12,0,node887,8,env,,0,,,,68.522,0
p7-r18-w-s8,4685671,salehkaleybars,ResNet18,CIFAR10,100,weightwise,SGDm,Lion,1e-3,1e-3,1,1,-15:-2.3026,,na,na,8,20,20,83.4,83.4,85.42,0,node882,8,env,,0,,,,68.635,0
p7-r18-w-s9,4685674,salehkaleybars,ResNet18,CIFAR10,100,weightwise,SGDm,Lion,1e-3,1e-3,1,1,-15:-2.3026,,na,na,9,20,20,83.31,83.31,85.1,0,node881,8,env,,0,,,,68.378,0
c100-1e3-layer-s0,4683269,salehkaleybars,ResNet18_c100,CIFAR100,100,layerwise,SGDm,Lion,1e-3,1e-3,1,1,-15:-2.3026,,na,na,0,100,100,70.78,70.43,99.33,0,node885,31,env,,0,,,,70.287,0
p7-c100-lay-s0,4685675,salehkaleybars,ResNet18_c100,CIFAR100,100,layerwise,SGDm,Lion,1e-3,1e-3,1,1,-15:-2.3026,,na,na,0,20,20,59.79,59.79,66.03,0,node883,6,env,,0,,,,38.639,0
rc100-r005-s0,4683344,salehkaleybars,ResNet18_c100,CIFAR100,100,layerwise,SGDm,Lion,1e-3,1e-3,1,1,-15:-2.3026,additive,na,0.05,0,100,100,24.07,17.16,17.69,0,node882,31,env,,0,,,,17.567,0
c100-1e3-add-s0,4683270,salehkaleybars,ResNet18_c100,CIFAR100,100,layerwise,SGDm,Lion,1e-3,1e-3,1,1,-15:-2.3026,additive,na,0.07,0,100,100,30.4,27.42,28.65,0,node885,30,env,,0,,,,27.334,0
c100smoke_layer,4683223,salehkaleybars,ResNet18_c100,CIFAR100,100,layerwise,SGDm,Lion,1e-3,1e-6,1,1,-15:-2.3026,,na,na,0,3,3,1.16,1.14,1.05,0,node887,1,env,,0,,,,,0
c100-1e6-add-s0,4683262,salehkaleybars,ResNet18_c100,CIFAR100,100,layerwise,SGDm,Lion,1e-3,1e-6,1,1,-15:-2.3026,additive,na,0.07,0,100,100,60.75,60.39,75.89,0,node883,30,env,,0,,,,60.242,0
c100smoke_probe,4683224,salehkaleybars,ResNet18_c100,CIFAR100,100,layerwise,SGDm,Lion,1e-3,1e-6,1,1,-15:-2.3026,,na,na,0,3,3,1.16,1.14,1.05,0,node868,1,env,,0,,,,,0
rc100-r0-s0,4683340,salehkaleybars,ResNet18_c100,CIFAR100,100,layerwise,SGDm,Lion,1e-3,1e-3,1,1,-15:-2.3026,additive,na,0,0,100,100,16.78,8.82,8.64,0,node882,31,env,,0,,,,8.879,0
rc100-r1-s0,4683352,salehkaleybars,ResNet18_c100,CIFAR100,100,layerwise,SGDm,Lion,1e-3,1e-3,1,1,-15:-2.3026,additive,na,1,0,100,100,70.04,70.04,99.43,0,node886,30,env,,0,,,,69.621,0
c100pin_layer,4683225,salehkaleybars,ResNet18_c100,CIFAR100,100,layerwise,SGDm,Lion,1e-3,1e-6,1,1,-15:-2.3026,,na,na,0,3,3,1.15,1.14,1.05,0,node880,1,env,,0,,,,,0
p4-c100-lay,4683374,salehkaleybars,ResNet18_c100,CIFAR100,100,layerwise,SGDm,Lion,1e-3,1e-3,1,1,-15:-2.3026,shrink,1.0,na,0,20,20,17.82,12.12,12.36,0,node885,6,env,,0,,,,14.043,0
rc100-r003-s0,4683342,salehkaleybars,ResNet18_c100,CIFAR100,100,layerwise,SGDm,Lion,1e-3,1e-3,1,1,-15:-2.3026,additive,na,0.03,0,100,100,21.15,14.63,14.68,0,node866,40,env,,0,,,,14.817,0
c100pin_probe,4683226,salehkaleybars,ResNet18_c100,CIFAR100,100,layerwise,SGDm,Lion,1e-3,1e-6,1,1,-15:-2.3026,,na,na,0,3,3,1.15,1.14,1.05,0,node880,1,env,,0,,,,,0
rc100-r02-s0,4683350,salehkaleybars,ResNet18_c100,CIFAR100,100,layerwise,SGDm,Lion,1e-3,1e-3,1,1,-15:-2.3026,additive,na,0.2,0,100,100,69.13,68.94,94.63,0,node886,31,env,,0,,,,68.535,0
rc100-r01-s0,4683348,salehkaleybars,ResNet18_c100,CIFAR100,100,layerwise,SGDm,Lion,1e-3,1e-3,1,1,-15:-2.3026,additive,na,0.1,0,100,100,43.6,42.99,48.5,0,node880,30,env,,0,,,,43.211,0
p6f-c100-lay,4683589,salehkaleybars,ResNet18_c100,CIFAR100,100,layerwise,SGDm,Lion,1e-3,1e-3,1,1,-15:-2.3026,,na,na,0,20,20,60.21,60.21,65.87,0,node885,6,env,,0,,,,38.567,0
c100-1e6-layer-s0,4683261,salehkaleybars,ResNet18_c100,CIFAR100,100,layerwise,SGDm,Lion,1e-3,1e-6,1,1,-15:-2.3026,,na,na,0,100,100,70.12,69.69,99.2,0,node887,31,env,,0,,,,69.791,0
rc100-r007-s0,4683346,salehkaleybars,ResNet18_c100,CIFAR100,100,layerwise,SGDm,Lion,1e-3,1e-3,1,1,-15:-2.3026,additive,na,0.07,0,100,100,29.71,27.13,28.22,0,node881,31,env,,0,,,,27.033,0
c100disc-c100,4683257,salehkaleybars,ResNet18_c100,CIFAR100,100,layerwise,SGDm,Lion,1e-3,1e-3,1,1,-15:-2.3026,,na,na,0,5,5,20.99,20.99,18.26,0,node882,1,env,,0,,,,,0
rc100-r007-s1,4683347,salehkaleybars,ResNet18_c100,CIFAR100,100,layerwise,SGDm,Lion,1e-3,1e-3,1,1,-15:-2.3026,additive,na,0.07,1,100,100,29.77,26.35,27.37,0,node887,31,env,,0,,,,26.355,0
rc100-r0-s1,4683341,salehkaleybars,ResNet18_c100,CIFAR100,100,layerwise,SGDm,Lion,1e-3,1e-3,1,1,-15:-2.3026,additive,na,0,1,100,100,17.46,8.99,8.93,0,node886,30,env,,0,,,,9.085,0
c100-1e3-add-s1,4683274,salehkaleybars,ResNet18_c100,CIFAR100,100,layerwise,SGDm,Lion,1e-3,1e-3,1,1,-15:-2.3026,additive,na,0.07,1,100,100,29.12,25.54,26.49,0,node882,31,env,,0,,,,25.431,0
c100-1e6-layer-s1,4683265,salehkaleybars,ResNet18_c100,CIFAR100,100,layerwise,SGDm,Lion,1e-3,1e-6,1,1,-15:-2.3026,,na,na,1,100,100,70.61,69.8,98.88,0,node881,31,env,,0,,,,69.981,0
p7-c100-lay-s1,4685339,salehkaleybars,ResNet18_c100,CIFAR100,100,layerwise,SGDm,Lion,1e-3,1e-3,1,1,-15:-2.3026,,na,na,1,20,20,58.94,58.94,63.82,0,node881,6,env,,0,,,,37.958,0
rc100-r003-s1,4683343,salehkaleybars,ResNet18_c100,CIFAR100,100,layerwise,SGDm,Lion,1e-3,1e-3,1,1,-15:-2.3026,additive,na,0.03,1,100,100,20.03,12.86,12.95,0,node885,30,env,,0,,,,13.003,0
rc100-r005-s1,4683345,salehkaleybars,ResNet18_c100,CIFAR100,100,layerwise,SGDm,Lion,1e-3,1e-3,1,1,-15:-2.3026,additive,na,0.05,1,100,100,23.92,17.58,17.88,0,node880,30,env,,0,,,,17.708,0
rc100-r02-s1,4683351,salehkaleybars,ResNet18_c100,CIFAR100,100,layerwise,SGDm,Lion,1e-3,1e-3,1,1,-15:-2.3026,additive,na,0.2,1,100,100,68.69,68.24,94.03,0,node885,30,env,,0,,,,68.108,0
c100-1e6-add-s1,4683266,salehkaleybars,ResNet18_c100,CIFAR100,100,layerwise,SGDm,Lion,1e-3,1e-6,1,1,-15:-2.3026,additive,na,0.07,1,100,100,58.68,58.24,71.0,0,node882,30,env,,0,,,,57.85,0
c100-1e3-layer-s1,4683273,salehkaleybars,ResNet18_c100,CIFAR100,100,layerwise,SGDm,Lion,1e-3,1e-3,1,1,-15:-2.3026,,na,na,1,100,100,70.42,70.13,99.27,0,node886,31,env,,0,,,,69.938,0
rc100-r01-s1,4683349,salehkaleybars,ResNet18_c100,CIFAR100,100,layerwise,SGDm,Lion,1e-3,1e-3,1,1,-15:-2.3026,additive,na,0.1,1,100,100,42.96,42.19,47.19,0,node882,31,env,,0,,,,42.301,0
rc100-r1-s1,4683353,salehkaleybars,ResNet18_c100,CIFAR100,100,layerwise,SGDm,Lion,1e-3,1e-3,1,1,-15:-2.3026,additive,na,1,1,100,100,70.82,70.39,99.18,0,node882,30,env,,0,,,,70.212,0
p7-c100-lay-s2,4685342,salehkaleybars,ResNet18_c100,CIFAR100,100,layerwise,SGDm,Lion,1e-3,1e-3,1,1,-15:-2.3026,,na,na,2,20,20,58.1,58.1,63.44,0,node887,6,env,,0,,,,37.716,0
p7-c100-lay-s3,4685677,salehkaleybars,ResNet18_c100,CIFAR100,100,layerwise,SGDm,Lion,1e-3,1e-3,1,1,-15:-2.3026,,na,na,3,20,20,58.77,58.77,65.09,0,node885,6,env,,0,,,,38.283,0
p7-c100-lay-s4,4685679,salehkaleybars,ResNet18_c100,CIFAR100,100,layerwise,SGDm,Lion,1e-3,1e-3,1,1,-15:-2.3026,,na,na,4,20,20,57.55,57.55,62.54,0,node887,6,env,,0,,,,37.688,0
p7-c100-lay-s5,4685681,salehkaleybars,ResNet18_c100,CIFAR100,100,layerwise,SGDm,Lion,1e-3,1e-3,1,1,-15:-2.3026,,na,na,5,20,20,59.5,59.5,65.26,0,node880,6,env,,0,,,,38.68,0
p7-c100-lay-s6,4685683,salehkaleybars,ResNet18_c100,CIFAR100,100,layerwise,SGDm,Lion,1e-3,1e-3,1,1,-15:-2.3026,,na,na,6,20,20,57.5,57.5,63.22,0,node883,6,env,,0,,,,37.728,0
p7-c100-lay-s7,4685685,salehkaleybars,ResNet18_c100,CIFAR100,100,layerwise,SGDm,Lion,1e-3,1e-3,1,1,-15:-2.3026,,na,na,7,20,20,59.82,59.82,64.31,0,node883,6,env,,0,,,,37.927,0
p7-c100-lay-s8,4685687,salehkaleybars,ResNet18_c100,CIFAR100,100,layerwise,SGDm,Lion,1e-3,1e-3,1,1,-15:-2.3026,,na,na,8,20,20,58.62,58.62,63.26,0,node886,6,env,,0,,,,37.969,0
p7-c100-lay-s9,4685689,salehkaleybars,ResNet18_c100,CIFAR100,100,layerwise,SGDm,Lion,1e-3,1e-3,1,1,-15:-2.3026,,na,na,9,20,20,58.72,58.72,64.78,0,node880,6,env,,0,,,,38.553,0
p4-c100-node,4683375,salehkaleybars,ResNet18_c100,CIFAR100,100,nodewise,SGDm,Lion,1e-3,1e-3,1,1,-15:-2.3026,shrink,1.0,na,0,20,20,19.38,16.18,16.27,0,node885,9,env,,0,,,,15.601,0
p6f-c100-node,4683590,salehkaleybars,ResNet18_c100,CIFAR100,100,nodewise,SGDm,Lion,1e-3,1e-3,1,1,-15:-2.3026,,na,na,0,20,20,59.23,59.23,65.6,0,node887,8,env,,0,,,,37.338,0
p7-c100-node-s0,4685676,salehkaleybars,ResNet18_c100,CIFAR100,100,nodewise,SGDm,Lion,1e-3,1e-3,1,1,-15:-2.3026,,na,na,0,20,20,59.55,59.55,65.67,0,node880,8,env,,0,,,,37.368,0
p7-c100-node-s1,4685340,salehkaleybars,ResNet18_c100,CIFAR100,100,nodewise,SGDm,Lion,1e-3,1e-3,1,1,-15:-2.3026,,na,na,1,20,20,60.15,59.26,65.22,0,node880,8,env,,0,,,,37.532,0
p7-c100-node-s2,4685343,salehkaleybars,ResNet18_c100,CIFAR100,100,nodewise,SGDm,Lion,1e-3,1e-3,1,1,-15:-2.3026,,na,na,2,20,20,59.82,59.82,64.72,0,node858,17,env,,0,,,,37.572,0
p7-c100-node-s3,4685678,salehkaleybars,ResNet18_c100,CIFAR100,100,nodewise,SGDm,Lion,1e-3,1e-3,1,1,-15:-2.3026,,na,na,3,20,20,60.17,60.17,65.52,0,node887,8,env,,0,,,,37.672,0
p7-c100-node-s4,4685680,salehkaleybars,ResNet18_c100,CIFAR100,100,nodewise,SGDm,Lion,1e-3,1e-3,1,1,-15:-2.3026,,na,na,4,20,20,59.16,59.0,64.88,0,node883,8,env,,0,,,,37.376,0
p7-c100-node-s5,4685682,salehkaleybars,ResNet18_c100,CIFAR100,100,nodewise,SGDm,Lion,1e-3,1e-3,1,1,-15:-2.3026,,na,na,5,20,20,59.93,59.93,65.63,0,node882,8,env,,0,,,,37.484,0
p7-c100-node-s6,4685684,salehkaleybars,ResNet18_c100,CIFAR100,100,nodewise,SGDm,Lion,1e-3,1e-3,1,1,-15:-2.3026,,na,na,6,20,20,59.65,59.65,64.36,0,node886,8,env,,0,,,,37.174,0
p7-c100-node-s7,4685686,salehkaleybars,ResNet18_c100,CIFAR100,100,nodewise,SGDm,Lion,1e-3,1e-3,1,1,-15:-2.3026,,na,na,7,20,20,60.69,60.69,65.26,0,node885,8,env,,0,,,,37.418,0
p7-c100-node-s8,4685688,salehkaleybars,ResNet18_c100,CIFAR100,100,nodewise,SGDm,Lion,1e-3,1e-3,1,1,-15:-2.3026,,na,na,8,20,20,60.17,60.17,64.91,0,node858,17,env,,0,,,,37.535,0
p7-c100-node-s9,4685690,salehkaleybars,ResNet18_c100,CIFAR100,100,nodewise,SGDm,Lion,1e-3,1e-3,1,1,-15:-2.3026,,na,na,9,20,20,59.79,59.51,65.76,0,node880,8,env,,0,,,,37.536,0
p7-c100-blk6-s0,4685324,salehkaleybars,ResNet18_c100,CIFAR100,100,resnet18_blocks,SGDm,Lion,1e-3,1e-3,1,1,-15:-2.3026,,na,na,0,20,20,40.94,40.94,41.98,0,node881,8,env,,0,,,,25.557,0
c100-1e6-blk6-s0,4683260,salehkaleybars,ResNet18_c100,CIFAR100,100,resnet18_blocks,SGDm,Lion,1e-3,1e-6,1,1,-15:-2.3026,,na,na,0,100,100,53.41,52.94,64.61,0,node885,42,env,,0,,,,52.441,0
kb-c100-r007-s0,4685575,salehkaleybars,ResNet18_c100,CIFAR100,100,resnet18_blocks,SGDm,Lion,1e-3,1e-3,1,1,-15:-2.3026,additive,0,0.07,0,100,100,33.74,33.53,36.75,0,node887,42,env,,0,,,,33.521,0
c100-1e3-blk6-s0,4683268,salehkaleybars,ResNet18_c100,CIFAR100,100,resnet18_blocks,SGDm,Lion,1e-3,1e-3,1,1,-15:-2.3026,,na,na,0,100,100,50.95,50.82,61.61,0,node881,42,env,,0,,,,50.432,0
kb-c100-r02-s0,4685581,salehkaleybars,ResNet18_c100,CIFAR100,100,resnet18_blocks,SGDm,Lion,1e-3,1e-3,1,1,-15:-2.3026,additive,0,0.2,0,100,100,43.4,43.4,48.95,0,node885,42,env,,0,,,,42.872,0
kb-c100-r003-s0,4685569,salehkaleybars,ResNet18_c100,CIFAR100,100,resnet18_blocks,SGDm,Lion,1e-3,1e-3,1,1,-15:-2.3026,additive,0,0.03,0,100,100,29.73,29.34,31.68,0,node887,42,env,,0,,,,29.418,0
kb-c100-r05-s0,4685587,salehkaleybars,ResNet18_c100,CIFAR100,100,resnet18_blocks,SGDm,Lion,1e-3,1e-3,1,1,-15:-2.3026,additive,0,0.5,0,100,100,48.35,48.35,56.9,0,node886,42,env,,0,,,,47.82,0
kb-c100-r0-s0,4685563,salehkaleybars,ResNet18_c100,CIFAR100,100,resnet18_blocks,SGDm,Lion,1e-3,1e-3,1,1,-15:-2.3026,additive,0,0,0,100,100,27.83,27.53,29.44,0,node886,42,env,,0,,,,27.539,0
kb-c100-r003-s1,4685571,salehkaleybars,ResNet18_c100,CIFAR100,100,resnet18_blocks,SGDm,Lion,1e-3,1e-3,1,1,-15:-2.3026,additive,0,0.03,1,100,100,29.47,29.34,31.01,0,node880,42,env,,0,,,,29.254,0
kb-c100-r007-s1,4685577,salehkaleybars,ResNet18_c100,CIFAR100,100,resnet18_blocks,SGDm,Lion,1e-3,1e-3,1,1,-15:-2.3026,additive,0,0.07,1,100,100,33.84,33.46,36.82,0,node883,42,env,,0,,,,33.584,0
kb-c100-r0-s1,4685565,salehkaleybars,ResNet18_c100,CIFAR100,100,resnet18_blocks,SGDm,Lion,1e-3,1e-3,1,1,-15:-2.3026,additive,0,0,1,100,100,26.84,26.28,27.55,0,node880,42,env,,0,,,,26.265,0
kb-c100-r02-s1,4685583,salehkaleybars,ResNet18_c100,CIFAR100,100,resnet18_blocks,SGDm,Lion,1e-3,1e-3,1,1,-15:-2.3026,additive,0,0.2,1,100,100,43.7,43.31,50.06,0,node883,42,env,,0,,,,43.246,0
c100-1e3-blk6-s1,4683272,salehkaleybars,ResNet18_c100,CIFAR100,100,resnet18_blocks,SGDm,Lion,1e-3,1e-3,1,1,-15:-2.3026,,na,na,1,100,100,52.49,52.16,63.3,0,node882,42,env,,0,,,,52.209,0
p7-c100-blk6-s1,4685325,salehkaleybars,ResNet18_c100,CIFAR100,100,resnet18_blocks,SGDm,Lion,1e-3,1e-3,1,1,-15:-2.3026,,na,na,1,20,20,39.83,39.83,41.08,0,node880,8,env,,0,,,,25.252,0
c100-1e6-blk6-s1,4683264,salehkaleybars,ResNet18_c100,CIFAR100,100,resnet18_blocks,SGDm,Lion,1e-3,1e-6,1,1,-15:-2.3026,,na,na,1,100,100,53.75,53.71,64.93,0,node883,42,env,,0,,,,53.016,0
kb-c100-r0-s2,4685567,salehkaleybars,ResNet18_c100,CIFAR100,100,resnet18_blocks,SGDm,Lion,1e-3,1e-3,1,1,-15:-2.3026,additive,0,0,2,100,100,28.38,28.29,29.52,0,node885,42,env,,0,,,,28.102,0
p7-c100-blk6-s2,4685326,salehkaleybars,ResNet18_c100,CIFAR100,100,resnet18_blocks,SGDm,Lion,1e-3,1e-3,1,1,-15:-2.3026,,na,na,2,20,20,39.2,39.2,40.73,0,node886,8,env,,0,,,,25.287,0
kb-c100-r003-s2,4685573,salehkaleybars,ResNet18_c100,CIFAR100,100,resnet18_blocks,SGDm,Lion,1e-3,1e-3,1,1,-15:-2.3026,additive,0,0.03,2,100,100,30.94,30.59,32.88,0,node880,42,env,,0,,,,30.672,0
kb-c100-r007-s2,4685579,salehkaleybars,ResNet18_c100,CIFAR100,100,resnet18_blocks,SGDm,Lion,1e-3,1e-3,1,1,-15:-2.3026,additive,0,0.07,2,100,100,37.34,37.34,40.69,0,node886,42,env,,0,,,,37.09,0
kb-c100-r02-s2,4685585,salehkaleybars,ResNet18_c100,CIFAR100,100,resnet18_blocks,SGDm,Lion,1e-3,1e-3,1,1,-15:-2.3026,additive,0,0.2,2,100,100,44.64,44.64,51.26,0,node886,42,env,,0,,,,43.975,0
p7-c100-blk6-s3,4685550,salehkaleybars,ResNet18_c100,CIFAR100,100,resnet18_blocks,SGDm,Lion,1e-3,1e-3,1,1,-15:-2.3026,,na,na,3,20,20,41.68,41.68,42.44,0,node881,8,env,,0,,,,26.012,0
p7-c100-blk6-s4,4685552,salehkaleybars,ResNet18_c100,CIFAR100,100,resnet18_blocks,SGDm,Lion,1e-3,1e-3,1,1,-15:-2.3026,,na,na,4,20,20,40.89,40.89,42.19,0,node882,8,env,,0,,,,25.928,0
p7-c100-blk6-s5,4685554,salehkaleybars,ResNet18_c100,CIFAR100,100,resnet18_blocks,SGDm,Lion,1e-3,1e-3,1,1,-15:-2.3026,,na,na,5,20,20,41.88,41.88,42.88,0,node886,8,env,,0,,,,26.111,0
p7-c100-blk6-s6,4685556,salehkaleybars,ResNet18_c100,CIFAR100,100,resnet18_blocks,SGDm,Lion,1e-3,1e-3,1,1,-15:-2.3026,,na,na,6,20,20,41.39,41.39,41.97,0,node886,8,env,,0,,,,25.843,0
p7-c100-blk6-s7,4685558,salehkaleybars,ResNet18_c100,CIFAR100,100,resnet18_blocks,SGDm,Lion,1e-3,1e-3,1,1,-15:-2.3026,,na,na,7,20,20,40.29,40.29,40.94,0,node880,8,env,,0,,,,25.358,0
p7-c100-blk6-s8,4685560,salehkaleybars,ResNet18_c100,CIFAR100,100,resnet18_blocks,SGDm,Lion,1e-3,1e-3,1,1,-15:-2.3026,,na,na,8,20,20,40.66,40.66,41.62,0,node885,8,env,,0,,,,25.612,0
p7-c100-blk6-s9,4685562,salehkaleybars,ResNet18_c100,CIFAR100,100,resnet18_blocks,SGDm,Lion,1e-3,1e-3,1,1,-15:-2.3026,,na,na,9,20,20,41.13,41.13,41.94,0,node887,8,env,,0,,,,26.22,0
c100-1e3-scal-s0,4683267,salehkaleybars,ResNet18_c100,CIFAR100,100,scalar,SGDm,Lion,1e-3,1e-3,1,1,-15:-2.3026,,na,na,0,100,100,23.02,22.66,22.35,0,node881,42,env,,0,,,,22.729,0
p4-c100-scal,4683373,salehkaleybars,ResNet18_c100,CIFAR100,100,scalar,SGDm,Lion,1e-3,1e-3,1,1,-15:-2.3026,,na,na,0,20,20,22.59,22.59,22.2,0,node886,8,env,,0,,,,18.762,0
c100-1e6-scal-s0,4683259,salehkaleybars,ResNet18_c100,CIFAR100,100,scalar,SGDm,Lion,1e-3,1e-6,1,1,-15:-2.3026,,na,na,0,100,100,23.08,22.99,22.8,0,node881,42,env,,0,,,,22.872,0
c100-1e3-scal-s1,4683271,salehkaleybars,ResNet18_c100,CIFAR100,100,scalar,SGDm,Lion,1e-3,1e-3,1,1,-15:-2.3026,,na,na,1,100,100,22.42,22.28,22.3,0,node880,42,env,,0,,,,22.206,0
c100-1e6-scal-s1,4683263,salehkaleybars,ResNet18_c100,CIFAR100,100,scalar,SGDm,Lion,1e-3,1e-6,1,1,-15:-2.3026,,na,na,1,100,100,22.0,21.69,22.35,0,node887,42,env,,0,,,,21.729,0
p6f-c100-w,4683591,salehkaleybars,ResNet18_c100,CIFAR100,100,weightwise,SGDm,Lion,1e-3,1e-3,1,1,-15:-2.3026,,na,na,0,20,20,43.82,43.82,44.03,0,node880,8,env,,0,,,,26.963,0
p7-c100-w-s0,4685691,salehkaleybars,ResNet18_c100,CIFAR100,100,weightwise,SGDm,Lion,1e-3,1e-3,1,1,-15:-2.3026,,na,na,0,20,20,43.85,43.85,44.47,0,node887,8,env,,0,,,,26.827,0
p4-c100-w,4683376,salehkaleybars,ResNet18_c100,CIFAR100,100,weightwise,SGDm,Lion,1e-3,1e-3,1,1,-15:-2.3026,shrink,1.0,na,0,20,20,22.56,22.56,22.33,0,node886,9,env,,0,,,,15.265,0
p7-c100-w-s1,4685341,salehkaleybars,ResNet18_c100,CIFAR100,100,weightwise,SGDm,Lion,1e-3,1e-3,1,1,-15:-2.3026,,na,na,1,20,20,42.51,42.51,43.27,0,node881,8,env,,0,,,,26.794,0
p7-c100-w-s2,4685692,salehkaleybars,ResNet18_c100,CIFAR100,100,weightwise,SGDm,Lion,1e-3,1e-3,1,1,-15:-2.3026,,na,na,2,20,20,42.83,42.83,43.59,0,node883,8,env,,0,,,,27.333,0
p7-c100-w-s3,4685693,salehkaleybars,ResNet18_c100,CIFAR100,100,weightwise,SGDm,Lion,1e-3,1e-3,1,1,-15:-2.3026,,na,na,3,20,20,42.02,42.02,42.74,0,node883,8,env,,0,,,,26.599,0
p7-c100-w-s4,4685694,salehkaleybars,ResNet18_c100,CIFAR100,100,weightwise,SGDm,Lion,1e-3,1e-3,1,1,-15:-2.3026,,na,na,4,20,20,42.11,42.11,43.04,0,node882,8,env,,0,,,,26.762,0
p7-c100-w-s5,4685695,salehkaleybars,ResNet18_c100,CIFAR100,100,weightwise,SGDm,Lion,1e-3,1e-3,1,1,-15:-2.3026,,na,na,5,20,20,42.56,42.56,44.0,0,node883,8,env,,0,,,,26.834,0
p7-c100-w-s6,4685696,salehkaleybars,ResNet18_c100,CIFAR100,100,weightwise,SGDm,Lion,1e-3,1e-3,1,1,-15:-2.3026,,na,na,6,20,20,42.02,42.02,42.69,0,node886,8,env,,0,,,,26.767,0
p7-c100-w-s7,4685697,salehkaleybars,ResNet18_c100,CIFAR100,100,weightwise,SGDm,Lion,1e-3,1e-3,1,1,-15:-2.3026,,na,na,7,20,20,42.95,42.95,42.66,0,node886,8,env,,0,,,,26.45,0
p7-c100-w-s8,4685698,salehkaleybars,ResNet18_c100,CIFAR100,100,weightwise,SGDm,Lion,1e-3,1e-3,1,1,-15:-2.3026,,na,na,8,20,20,41.95,41.95,43.37,0,node887,8,env,,0,,,,26.923,0
p7-c100-w-s9,4685699,salehkaleybars,ResNet18_c100,CIFAR100,100,weightwise,SGDm,Lion,1e-3,1e-3,1,1,-15:-2.3026,,na,na,9,20,20,43.32,43.32,44.37,0,node885,8,env,,0,,,,27.595,0
f5cos-r34-3e-4-s0,4686799,salehkaleybars,ResNet34,CIFAR10,100,?,AdamW,?,,3e-4,1,1,none,,na,na,0,100,100,94.2,94.08,99.99,0,node868,36,env,,0,12,18,25,94.109,12
f5cos-r34-1e-3-s0,4686800,salehkaleybars,ResNet34,CIFAR10,100,?,AdamW,?,,1e-3,1,1,none,,na,na,0,100,100,94.94,94.94,99.99,0,node881,54,env,,0,11,15,22,94.703,18
f5cos-r34-3e-4-s1,4686803,salehkaleybars,ResNet34,CIFAR10,100,?,AdamW,?,,3e-4,1,1,none,,na,na,1,100,100,94.58,94.52,100.0,0,node885,55,env,,0,10,16,26,94.422,12
f5cos-r34-1e-3-s1,4686804,salehkaleybars,ResNet34,CIFAR10,100,?,AdamW,?,,1e-3,1,1,none,,na,na,1,100,100,94.88,94.74,99.99,0,node886,54,env,,0,11,16,19,94.651,20
f5cos-r34-1e-3-s2,4686808,salehkaleybars,ResNet34,CIFAR10,100,?,AdamW,?,,1e-3,1,1,none,,na,na,2,100,100,94.91,94.85,99.99,0,node887,54,env,,0,10,18,23,94.669,11
f5cos-r34-3e-4-s2,4686807,salehkaleybars,ResNet34,CIFAR10,100,?,AdamW,?,,3e-4,1,1,none,,na,na,2,100,100,94.48,94.47,99.99,0,node887,55,env,,0,10,20,24,94.318,11
r34r-r02-s0,4684258,salehkaleybars,ResNet34,CIFAR10,100,layerwise,SGDm,Lion,1e-3,1e-6,1,1,-15:-2.3026,additive,na,0.2,0,100,100,91.05,90.64,99.59,0,node885,60,env,,0,31,39,58,90.707,54
p4-r34-lay,4683370,salehkaleybars,ResNet34,CIFAR10,100,layerwise,SGDm,Lion,1e-3,1e-3,1,1,-15:-2.3026,shrink,1.0,na,0,20,20,85.19,85.19,85.4,0,node887,12,env,,0,20,,,71.204,0
r34r-r0-s0,4684237,salehkaleybars,ResNet34,CIFAR10,100,layerwise,SGDm,Lion,1e-3,1e-6,1,1,-15:-2.3026,additive,na,0,0,100,100,93.36,93.15,98.97,0,node887,61,env,,0,37,46,47,93.132,2
sm_ResNet34,4680735,salehkaleybars,ResNet34,CIFAR10,100,layerwise,SGDm,Lion,1e-3,1e-6,1,1,-15:-2.3026,,na,na,0,2,2,10.0,10.0,10.0,0,node880,1,env,,0,,,,,0
p6f-r34-lay,4683586,salehkaleybars,ResNet34,CIFAR10,100,layerwise,SGDm,Lion,1e-3,1e-3,1,1,-15:-2.3026,,na,na,0,20,20,88.19,88.19,92.32,0,node886,12,env,,0,14,20,,74.821,0
r34r-r004-s0,4684246,salehkaleybars,ResNet34,CIFAR10,100,layerwise,SGDm,Lion,1e-3,1e-6,1,1,-15:-2.3026,additive,na,0.04,0,100,100,93.65,93.56,99.9,0,node886,61,env,,0,34,42,48,93.45,7
r34r-r008-s0,4684252,salehkaleybars,ResNet34,CIFAR10,100,layerwise,SGDm,Lion,1e-3,1e-6,1,1,-15:-2.3026,additive,na,0.08,0,100,100,92.61,92.11,99.84,0,node886,60,env,,0,32,37,45,92.389,8
sc-ResNet34-layer-s0,4683100,salehkaleybars,ResNet34,CIFAR10,100,layerwise,SGDm,Lion,1e-3,1e-6,1,1,-15:-2.3026,,na,na,0,100,100,90.62,90.14,99.61,0,node881,60,env,,0,28,39,68,90.228,52
r34r-r01-s0,4684255,salehkaleybars,ResNet34,CIFAR10,100,layerwise,SGDm,Lion,1e-3,1e-6,1,1,-15:-2.3026,additive,na,0.1,0,100,100,91.96,91.66,99.8,0,node886,61,env,,0,30,36,45,91.696,17
r34r-r002-s0,4684240,salehkaleybars,ResNet34,CIFAR10,100,layerwise,SGDm,Lion,1e-3,1e-6,1,1,-15:-2.3026,additive,na,0.02,0,100,100,94.04,93.88,99.54,0,node880,60,env,,0,32,44,52,93.906,7
sc-ResNet34-add-s0,4683101,salehkaleybars,ResNet34,CIFAR10,100,layerwise,SGDm,Lion,1e-3,1e-6,1,1,-15:-2.3026,additive,na,0.06,0,100,100,93.24,93.19,99.9,0,node882,60,env,,0,32,38,45,92.962,9
r34r-r003-s0,4684243,salehkaleybars,ResNet34,CIFAR10,100,layerwise,SGDm,Lion,1e-3,1e-6,1,1,-15:-2.3026,additive,na,0.03,0,100,100,94.0,93.83,99.83,0,node885,60,env,,0,34,41,50,93.872,6
r34r-r1-s0,4684261,salehkaleybars,ResNet34,CIFAR10,100,layerwise,SGDm,Lion,1e-3,1e-6,1,1,-15:-2.3026,additive,na,1,0,100,100,90.99,90.42,99.73,0,node881,61,env,,0,29,39,60,90.455,54
r34r-r005-s0,4684249,salehkaleybars,ResNet34,CIFAR10,100,layerwise,SGDm,Lion,1e-3,1e-6,1,1,-15:-2.3026,additive,na,0.05,0,100,100,93.36,93.11,99.89,0,node851,104,env,,0,31,40,49,93.16,8
sc-ResNet34-add-s1,4683105,salehkaleybars,ResNet34,CIFAR10,100,layerwise,SGDm,Lion,1e-3,1e-6,1,1,-15:-2.3026,additive,na,0.06,1,100,100,93.1,92.85,99.9,0,node880,60,env,,0,33,39,46,92.877,9
r34r-r1-s1,4684262,salehkaleybars,ResNet34,CIFAR10,100,layerwise,SGDm,Lion,1e-3,1e-6,1,1,-15:-2.3026,additive,na,1,1,100,100,90.7,90.28,99.65,0,node880,60,env,,0,29,39,68,90.149,51
r34r-r02-s1,4684259,salehkaleybars,ResNet34,CIFAR10,100,layerwise,SGDm,Lion,1e-3,1e-6,1,1,-15:-2.3026,additive,na,0.2,1,100,100,91.0,90.74,99.71,0,node887,61,env,,0,32,37,53,90.598,56
r34r-r0-s1,4684238,salehkaleybars,ResNet34,CIFAR10,100,layerwise,SGDm,Lion,1e-3,1e-6,1,1,-15:-2.3026,additive,na,0,1,100,100,93.21,92.96,99.0,0,node851,104,env,,0,36,43,46,93.015,2
r34r-r01-s1,4684256,salehkaleybars,ResNet34,CIFAR10,100,layerwise,SGDm,Lion,1e-3,1e-6,1,1,-15:-2.3026,additive,na,0.1,1,100,100,92.4,92.09,99.88,0,node882,61,env,,0,31,36,44,92.164,14
sc-ResNet34-layer-s1,4683104,salehkaleybars,ResNet34,CIFAR10,100,layerwise,SGDm,Lion,1e-3,1e-6,1,1,-15:-2.3026,,na,na,1,100,100,90.73,90.19,99.62,0,node881,60,env,,0,29,39,70,90.207,55
p7-r34-lay-s1,4685333,salehkaleybars,ResNet34,CIFAR10,100,layerwise,SGDm,Lion,1e-3,1e-3,1,1,-15:-2.3026,,na,na,1,20,20,87.44,87.44,92.04,0,node886,12,env,,0,14,,,74.069,0
r34r-r005-s1,4684250,salehkaleybars,ResNet34,CIFAR10,100,layerwise,SGDm,Lion,1e-3,1e-6,1,1,-15:-2.3026,additive,na,0.05,1,100,100,93.23,93.09,99.89,0,node881,61,env,,0,34,39,47,93.079,11
r34r-r003-s1,4684244,salehkaleybars,ResNet34,CIFAR10,100,layerwise,SGDm,Lion,1e-3,1e-6,1,1,-15:-2.3026,additive,na,0.03,1,100,100,93.79,93.77,99.88,0,node859,103,env,,0,35,43,48,93.697,8
r34r-r002-s1,4684241,salehkaleybars,ResNet34,CIFAR10,100,layerwise,SGDm,Lion,1e-3,1e-6,1,1,-15:-2.3026,additive,na,0.02,1,100,100,93.88,93.88,99.56,0,node882,60,env,,0,34,44,50,93.68,4
r34r-r008-s1,4684253,salehkaleybars,ResNet34,CIFAR10,100,layerwise,SGDm,Lion,1e-3,1e-6,1,1,-15:-2.3026,additive,na,0.08,1,100,100,92.65,92.65,99.92,0,node881,61,env,,0,31,38,46,92.517,15
r34r-r004-s1,4684247,salehkaleybars,ResNet34,CIFAR10,100,layerwise,SGDm,Lion,1e-3,1e-6,1,1,-15:-2.3026,additive,na,0.04,1,100,100,93.8,93.8,99.91,0,node881,60,env,,0,33,40,50,93.454,10
r34r-r004-s2,4684248,salehkaleybars,ResNet34,CIFAR10,100,layerwise,SGDm,Lion,1e-3,1e-6,1,1,-15:-2.3026,additive,na,0.04,2,100,100,93.5,93.45,99.9,0,node887,61,env,,0,34,39,46,93.191,9
r34r-r1-s2,4684263,salehkaleybars,ResNet34,CIFAR10,100,layerwise,SGDm,Lion,1e-3,1e-6,1,1,-15:-2.3026,additive,na,1,2,100,100,90.55,90.24,99.67,0,node886,60,env,,0,28,39,66,90.203,50
r34r-r003-s2,4684245,salehkaleybars,ResNet34,CIFAR10,100,layerwise,SGDm,Lion,1e-3,1e-6,1,1,-15:-2.3026,additive,na,0.03,2,100,100,94.04,93.9,99.88,0,node880,61,env,,0,34,43,47,93.87,11
sc-ResNet34-add-s2,4683109,salehkaleybars,ResNet34,CIFAR10,100,layerwise,SGDm,Lion,1e-3,1e-6,1,1,-15:-2.3026,additive,na,0.06,2,100,100,93.07,92.77,99.9,0,node887,60,env,,0,33,40,44,92.675,11
r34r-r008-s2,4684254,salehkaleybars,ResNet34,CIFAR10,100,layerwise,SGDm,Lion,1e-3,1e-6,1,1,-15:-2.3026,additive,na,0.08,2,100,100,92.32,91.95,99.89,0,node880,61,env,,0,32,40,49,91.996,16
r34r-r02-s2,4684260,salehkaleybars,ResNet34,CIFAR10,100,layerwise,SGDm,Lion,1e-3,1e-6,1,1,-15:-2.3026,additive,na,0.2,2,100,100,90.8,90.5,99.67,0,node858,104,env,,0,32,41,61,90.347,53
r34r-r002-s2,4684242,salehkaleybars,ResNet34,CIFAR10,100,layerwise,SGDm,Lion,1e-3,1e-6,1,1,-15:-2.3026,additive,na,0.02,2,100,100,94.17,94.08,99.53,0,node886,60,env,,0,35,44,47,94.066,9
r34r-r01-s2,4684257,salehkaleybars,ResNet34,CIFAR10,100,layerwise,SGDm,Lion,1e-3,1e-6,1,1,-15:-2.3026,additive,na,0.1,2,100,100,91.71,91.44,99.81,0,node886,61,env,,0,32,38,50,91.306,19
p7-r34-lay-s2,4685336,salehkaleybars,ResNet34,CIFAR10,100,layerwise,SGDm,Lion,1e-3,1e-3,1,1,-15:-2.3026,,na,na,2,20,20,87.64,87.64,92.47,0,node886,12,env,,0,14,,,74.969,0
sc-ResNet34-layer-s2,4683108,salehkaleybars,ResNet34,CIFAR10,100,layerwise,SGDm,Lion,1e-3,1e-6,1,1,-15:-2.3026,,na,na,2,100,100,90.53,90.14,99.52,0,node882,60,env,,0,28,38,69,90.224,48
r34r-r005-s2,4684251,salehkaleybars,ResNet34,CIFAR10,100,layerwise,SGDm,Lion,1e-3,1e-6,1,1,-15:-2.3026,additive,na,0.05,2,100,100,93.06,93.02,99.91,0,node880,60,env,,0,34,39,49,92.806,11
r34r-r0-s2,4684239,salehkaleybars,ResNet34,CIFAR10,100,layerwise,SGDm,Lion,1e-3,1e-6,1,1,-15:-2.3026,additive,na,0,2,100,100,93.55,93.16,99.03,0,node886,61,env,,0,38,46,47,93.146,1
sc-ResNet34-add-s3,4683495,salehkaleybars,ResNet34,CIFAR10,100,layerwise,SGDm,Lion,1e-3,1e-6,1,1,-15:-2.3026,additive,na,0.06,3,100,100,92.94,92.94,99.93,0,node880,60,env,,0,32,39,45,92.734,10
sc-ResNet34-layer-s3,4683494,salehkaleybars,ResNet34,CIFAR10,100,layerwise,SGDm,Lion,1e-3,1e-6,1,1,-15:-2.3026,,na,na,3,100,100,90.59,90.59,99.64,0,node885,60,env,,0,29,39,71,90.173,50
sc-ResNet34-add-s4,4683498,salehkaleybars,ResNet34,CIFAR10,100,layerwise,SGDm,Lion,1e-3,1e-6,1,1,-15:-2.3026,additive,na,0.06,4,100,100,92.79,92.51,99.91,0,node859,103,env,,0,34,39,50,92.466,16
sc-ResNet34-layer-s4,4683497,salehkaleybars,ResNet34,CIFAR10,100,layerwise,SGDm,Lion,1e-3,1e-6,1,1,-15:-2.3026,,na,na,4,100,100,90.45,90.14,99.66,0,node886,60,env,,0,29,39,90,89.911,49
p4-r34-node,4683371,salehkaleybars,ResNet34,CIFAR10,100,nodewise,SGDm,Lion,1e-3,1e-3,1,1,-15:-2.3026,shrink,1.0,na,0,20,20,84.14,80.84,84.19,0,node887,14,env,,0,,,,67.559,0
p6f-r34-node,4683587,salehkaleybars,ResNet34,CIFAR10,100,nodewise,SGDm,Lion,1e-3,1e-3,1,1,-15:-2.3026,,na,na,0,20,20,87.07,87.07,90.13,0,node886,13,env,,0,17,,,71.542,0
p7-r34-node-s1,4685334,salehkaleybars,ResNet34,CIFAR10,100,nodewise,SGDm,Lion,1e-3,1e-3,1,1,-15:-2.3026,,na,na,1,20,20,86.64,86.64,89.98,0,node880,13,env,,0,16,,,70.881,0
p7-r34-node-s2,4685337,salehkaleybars,ResNet34,CIFAR10,100,nodewise,SGDm,Lion,1e-3,1e-3,1,1,-15:-2.3026,,na,na,2,20,20,86.91,86.89,90.36,0,node886,13,env,,0,16,,,72.198,0
sc-ResNet34-scal-s0,4683098,salehkaleybars,ResNet34,CIFAR10,100,scalar,SGDm,Lion,1e-3,1e-6,1,1,-15:-2.3026,,na,na,0,100,100,89.81,89.44,98.66,0,node882,64,env,,0,30,42,,89.464,31
p4-r34-scal,4683369,salehkaleybars,ResNet34,CIFAR10,100,scalar,SGDm,Lion,1e-3,1e-3,1,1,-15:-2.3026,,na,na,0,20,20,86.34,86.34,89.66,0,node887,13,env,,0,17,,,73.237,0
sc-ResNet34-scal-s1,4683102,salehkaleybars,ResNet34,CIFAR10,100,scalar,SGDm,Lion,1e-3,1e-6,1,1,-15:-2.3026,,na,na,1,100,100,89.52,89.31,98.71,0,node885,64,env,,0,29,44,,89.242,30
sc-ResNet34-scal-s2,4683106,salehkaleybars,ResNet34,CIFAR10,100,scalar,SGDm,Lion,1e-3,1e-6,1,1,-15:-2.3026,,na,na,2,100,100,89.57,89.38,98.73,0,node882,65,env,,0,31,49,,89.246,29
sc-ResNet34-scal-s3,4683493,salehkaleybars,ResNet34,CIFAR10,100,scalar,SGDm,Lion,1e-3,1e-6,1,1,-15:-2.3026,,na,na,3,100,100,89.52,89.5,98.65,0,node887,65,env,,0,29,46,,89.321,29
sc-ResNet34-scal-s4,4683496,salehkaleybars,ResNet34,CIFAR10,100,scalar,SGDm,Lion,1e-3,1e-6,1,1,-15:-2.3026,,na,na,4,100,100,89.62,89.47,98.62,0,node859,120,env,,0,29,48,,89.297,28
p4-r34-w,4683372,salehkaleybars,ResNet34,CIFAR10,100,weightwise,SGDm,Lion,1e-3,1e-3,1,1,-15:-2.3026,shrink,1.0,na,0,20,20,80.79,80.79,82.42,0,node883,14,env,,0,,,,63.919,0
p6f-r34-w,4683588,salehkaleybars,ResNet34,CIFAR10,100,weightwise,SGDm,Lion,1e-3,1e-3,1,1,-15:-2.3026,,na,na,0,20,20,85.38,85.38,88.56,0,node886,13,env,,0,20,,,70.206,0
p7-r34-w-s1,4685335,salehkaleybars,ResNet34,CIFAR10,100,weightwise,SGDm,Lion,1e-3,1e-3,1,1,-15:-2.3026,,na,na,1,20,20,85.34,85.34,88.46,0,node882,13,env,,0,18,,,69.977,0
p7-r34-w-s2,4685338,salehkaleybars,ResNet34,CIFAR10,100,weightwise,SGDm,Lion,1e-3,1e-3,1,1,-15:-2.3026,,na,na,2,20,20,85.14,85.14,88.12,0,node885,13,env,,0,20,,,70.488,0
cs-r34-layer-s0,4683773,salehkaleybars,ResNet34_c100,CIFAR100,100,layerwise,SGDm,Lion,1e-3,1e-3,1,1,-15:-2.3026,,na,na,0,100,100,69.24,69.02,99.76,0,node886,60,env,,0,,,,68.675,0
cs-r34-add-s0,4683717,salehkaleybars,ResNet34_c100,CIFAR100,100,layerwise,SGDm,Lion,1e-3,1e-3,1,1,-15:-2.3026,additive,na,0.06,0,100,100,57.38,56.75,71.0,0,node886,61,env,,0,,,,56.676,0
cs-r34-add-s1,4683720,salehkaleybars,ResNet34_c100,CIFAR100,100,layerwise,SGDm,Lion,1e-3,1e-3,1,1,-15:-2.3026,additive,na,0.06,1,100,100,59.46,59.46,73.06,0,node882,61,env,,0,,,,58.667,0
cs-r34-layer-s1,4683775,salehkaleybars,ResNet34_c100,CIFAR100,100,layerwise,SGDm,Lion,1e-3,1e-3,1,1,-15:-2.3026,,na,na,1,100,100,68.54,68.54,99.64,0,node886,61,env,,0,,,,68.028,0
cs-r34-layer-s2,4683777,salehkaleybars,ResNet34_c100,CIFAR100,100,layerwise,SGDm,Lion,1e-3,1e-3,1,1,-15:-2.3026,,na,na,2,100,100,67.37,67.08,99.64,0,node887,61,env,,0,,,,66.803,0
cs-r34-add-s2,4683723,salehkaleybars,ResNet34_c100,CIFAR100,100,layerwise,SGDm,Lion,1e-3,1e-3,1,1,-15:-2.3026,additive,na,0.06,2,100,100,57.62,56.9,70.5,0,node880,60,env,,0,,,,57.154,0
cs-r34-scal-s0,4683772,salehkaleybars,ResNet34_c100,CIFAR100,100,scalar,SGDm,Lion,1e-3,1e-3,1,1,-15:-2.3026,,na,na,0,100,100,30.34,30.12,30.69,0,node885,64,env,,0,,,,30.185,0
cs-r34-scal-s1,4683774,salehkaleybars,ResNet34_c100,CIFAR100,100,scalar,SGDm,Lion,1e-3,1e-3,1,1,-15:-2.3026,,na,na,1,100,100,31.13,30.93,31.22,0,node880,65,env,,0,,,,30.857,0
cs-r34-scal-s2,4683776,salehkaleybars,ResNet34_c100,CIFAR100,100,scalar,SGDm,Lion,1e-3,1e-3,1,1,-15:-2.3026,,na,na,2,100,100,31.8,31.56,32.1,0,node881,65,env,,0,,,,31.562,0
f5cos-r50-3e-4-s0,4686801,salehkaleybars,ResNet50,CIFAR10,100,?,AdamW,?,,3e-4,1,1,none,,na,na,0,100,100,94.45,94.3,99.99,0,node883,126,env,,0,13,19,28,94.263,9
f5cos-r50-1e-3-s0,4686802,salehkaleybars,ResNet50,CIFAR10,100,?,AdamW,?,,1e-3,1,1,none,,na,na,0,100,100,95.24,95.15,99.98,0,node859,118,env,,0,12,18,27,94.97,12
f5cos-r50-1e-3-s1,4686806,salehkaleybars,ResNet50,CIFAR10,100,?,AdamW,?,,1e-3,1,1,none,,na,na,1,100,100,94.88,94.84,99.99,0,node881,127,env,,0,15,25,28,94.679,12
f5cos-r50-3e-4-s1,4686805,salehkaleybars,ResNet50,CIFAR10,100,?,AdamW,?,,3e-4,1,1,none,,na,na,1,100,100,94.74,94.65,99.99,0,node887,127,env,,0,16,18,25,94.553,12
f5cos-r50-3e-4-s2,4686809,salehkaleybars,ResNet50,CIFAR10,100,?,AdamW,?,,3e-4,1,1,none,,na,na,2,100,100,94.53,94.53,99.99,0,node883,126,env,,0,17,20,26,94.33,9
f5cos-r50-1e-3-s2,4686810,salehkaleybars,ResNet50,CIFAR10,100,?,AdamW,?,,1e-3,1,1,none,,na,na,2,100,100,95.21,95.14,99.99,0,node885,126,env,,0,17,21,26,94.917,17
sm_ResNet50,4680736,salehkaleybars,ResNet50,CIFAR10,100,layerwise,SGDm,Lion,1e-3,1e-6,1,1,-15:-2.3026,,na,na,0,2,2,9.46,9.43,9.57,0,node886,2,env,,0,,,,,0
sc50-1e6-layer-s0,4683470,salehkaleybars,ResNet50,CIFAR10,100,layerwise,SGDm,Lion,1e-3,1e-6,1,1,-15:-2.3026,,na,na,0,100,100,88.08,87.71,99.6,0,node885,136,env,,0,39,97,,87.71,0
sc50-1e3-layer-s0,4683473,salehkaleybars,ResNet50,CIFAR10,100,layerwise,SGDm,Lion,1e-3,1e-3,1,1,-15:-2.3026,,na,na,0,100,100,90.3,90.3,99.84,0,node882,136,env,,0,17,31,72,89.973,58
sc50-1e6-add-s0,4683471,salehkaleybars,ResNet50,CIFAR10,100,layerwise,SGDm,Lion,1e-3,1e-6,1,1,-15:-2.3026,additive,na,0.06,0,100,100,91.3,90.85,99.62,0,node886,136,env,,0,39,45,59,90.947,43
sc50-1e3-add-s0,4683474,salehkaleybars,ResNet50,CIFAR10,100,layerwise,SGDm,Lion,1e-3,1e-3,1,1,-15:-2.3026,additive,na,0.06,0,100,100,92.59,92.46,99.89,0,node882,137,env,,0,17,21,26,92.477,16
sc50-1e6-layer-s1,4683476,salehkaleybars,ResNet50,CIFAR10,100,layerwise,SGDm,Lion,1e-3,1e-6,1,1,-15:-2.3026,,na,na,1,100,100,88.69,88.69,99.42,0,node887,137,env,,0,40,81,,88.059,0
sc50-1e3-add-s1,4683480,salehkaleybars,ResNet50,CIFAR10,100,layerwise,SGDm,Lion,1e-3,1e-3,1,1,-15:-2.3026,additive,na,0.06,1,100,100,92.93,92.84,99.87,0,node887,137,env,,0,16,22,26,92.791,13
sc50-1e3-layer-s1,4683479,salehkaleybars,ResNet50,CIFAR10,100,layerwise,SGDm,Lion,1e-3,1e-3,1,1,-15:-2.3026,,na,na,1,100,100,90.8,90.69,99.9,0,node880,136,env,,0,17,24,56,90.427,64
sc50-1e6-add-s1,4683477,salehkaleybars,ResNet50,CIFAR10,100,layerwise,SGDm,Lion,1e-3,1e-6,1,1,-15:-2.3026,additive,na,0.06,1,100,100,92.3,91.69,99.67,0,node883,136,env,,0,39,42,50,91.929,13
sc50-1e3-scal-s0,4683472,salehkaleybars,ResNet50,CIFAR10,100,scalar,SGDm,Lion,1e-3,1e-3,1,1,-15:-2.3026,,na,na,0,100,100,89.32,89.11,98.92,0,node883,141,env,,0,19,36,,89.158,29
sc50-1e6-scal-s0,4683469,salehkaleybars,ResNet50,CIFAR10,100,scalar,SGDm,Lion,1e-3,1e-6,1,1,-15:-2.3026,,na,na,0,100,100,89.28,89.15,98.84,0,node880,141,env,,0,33,48,,89.104,19
sc50-1e6-scal-s1,4683475,salehkaleybars,ResNet50,CIFAR10,100,scalar,SGDm,Lion,1e-3,1e-6,1,1,-15:-2.3026,,na,na,1,100,100,90.06,89.95,99.0,0,node851,189,env,,0,31,46,98,89.774,41
sc50-1e3-scal-s1,4683478,salehkaleybars,ResNet50,CIFAR10,100,scalar,SGDm,Lion,1e-3,1e-3,1,1,-15:-2.3026,,na,na,1,100,100,89.42,89.3,99.04,0,node880,142,env,,0,19,39,,89.287,37
r10-r005-s0,4683322,s5014158,ResNet10,CIFAR10,100,layerwise,SGDm,Lion,1e-3,1e-6,1,1,-15:-2.3026,additive,na,0.05,0,100,100,90.77,90.67,95.03,0,node880,21,env,,0,38,41,56,90.324,54
r10c-r1-s0,4684279,s5014158,ResNet10,CIFAR10,100,layerwise,SGDm,Lion,1e-3,1e-3,1,1,-15:-2.3026,additive,na,1,0,100,100,91.87,91.6,99.82,0,node858,61,env,,0,17,25,37,91.436,37
r10b-r015-s0,4683619,s5014158,ResNet10,CIFAR10,100,layerwise,SGDm,Lion,1e-3,1e-6,1,1,-15:-2.3026,additive,na,0.15,0,100,100,91.69,91.66,99.23,0,node858,62,env,,0,34,37,41,91.393,26
r10c-r005-s0,4684267,s5014158,ResNet10,CIFAR10,100,layerwise,SGDm,Lion,1e-3,1e-3,1,1,-15:-2.3026,additive,na,0.05,0,100,100,89.26,89.26,92.06,0,node881,21,env,,0,25,51,,88.681,3
sa3-ResNet10-add-s0,4683444,s5014158,ResNet10,CIFAR10,100,layerwise,SGDm,Lion,1e-3,1e-3,1,1,-15:-2.3026,additive,na,0.06,0,100,100,89.53,89.42,92.51,0,node885,21,env,,0,24,41,,89.07,15
r10c-r05-s0,4684276,s5014158,ResNet10,CIFAR10,100,layerwise,SGDm,Lion,1e-3,1e-3,1,1,-15:-2.3026,additive,na,0.5,0,100,100,91.47,91.18,99.64,0,node885,21,env,,0,15,21,37,91.097,52
p5-r10-lay,4683378,s5014158,ResNet10,CIFAR10,100,layerwise,SGDm,Lion,1e-3,1e-6,1,1,-15:-2.3026,shrink,1.0,na,0,20,20,44.99,44.99,43.09,0,node859,12,env,,0,,,,22.364,0
sa3-ResNet10-layer-s0,4683443,s5014158,ResNet10,CIFAR10,100,layerwise,SGDm,Lion,1e-3,1e-3,1,1,-15:-2.3026,,na,na,0,100,100,91.73,91.52,99.79,0,node881,21,env,,0,17,25,36,91.399,33
r10b-r06-s0,4683628,s5014158,ResNet10,CIFAR10,100,layerwise,SGDm,Lion,1e-3,1e-6,1,1,-15:-2.3026,additive,na,0.6,0,100,100,91.01,90.88,99.48,0,node886,21,env,,0,32,41,62,90.37,49
r10c-r0-s0,4684264,s5014158,ResNet10,CIFAR10,100,layerwise,SGDm,Lion,1e-3,1e-3,1,1,-15:-2.3026,additive,na,0,0,100,100,82.46,82.43,84.58,0,node881,21,env,,0,,,,82.218,0
r10-r0-s0,4683316,s5014158,ResNet10,CIFAR10,100,layerwise,SGDm,Lion,1e-3,1e-6,1,1,-15:-2.3026,additive,na,0,0,100,100,82.42,82.18,84.42,0,node883,21,env,,0,,,,82.044,0
r10-r006-s0,4683325,s5014158,ResNet10,CIFAR10,100,layerwise,SGDm,Lion,1e-3,1e-6,1,1,-15:-2.3026,additive,na,0.06,0,100,100,91.23,91.23,95.99,0,node883,21,env,,0,38,41,45,90.832,53
r10c-r01-s0,4684270,s5014158,ResNet10,CIFAR10,100,layerwise,SGDm,Lion,1e-3,1e-3,1,1,-15:-2.3026,additive,na,0.1,0,100,100,90.38,90.18,94.21,0,node887,21,env,,0,19,27,68,89.977,51
r10-r007-s0,4683328,s5014158,ResNet10,CIFAR10,100,layerwise,SGDm,Lion,1e-3,1e-6,1,1,-15:-2.3026,additive,na,0.07,0,100,100,91.44,91.41,97.12,0,node859,61,env,,0,38,41,45,91.103,35
r10b-r04-s0,4683625,s5014158,ResNet10,CIFAR10,100,layerwise,SGDm,Lion,1e-3,1e-6,1,1,-15:-2.3026,additive,na,0.4,0,100,100,91.05,91.05,99.43,0,node885,21,env,,0,30,42,59,90.47,48
r10-r003-s0,4683319,s5014158,ResNet10,CIFAR10,100,layerwise,SGDm,Lion,1e-3,1e-6,1,1,-15:-2.3026,additive,na,0.03,0,100,100,89.82,89.4,92.53,0,node883,21,env,,0,39,45,,89.404,32
r10c-r02-s0,4684273,s5014158,ResNet10,CIFAR10,100,layerwise,SGDm,Lion,1e-3,1e-3,1,1,-15:-2.3026,additive,na,0.2,0,100,100,91.43,91.11,97.97,0,node858,61,env,,0,16,21,32,90.674,72
r10b-r008-s0,4683616,s5014158,ResNet10,CIFAR10,100,layerwise,SGDm,Lion,1e-3,1e-6,1,1,-15:-2.3026,additive,na,0.08,0,100,100,91.9,91.83,97.9,0,node887,21,env,,0,36,40,43,91.492,9
r10b-r03-s0,4683622,s5014158,ResNet10,CIFAR10,100,layerwise,SGDm,Lion,1e-3,1e-6,1,1,-15:-2.3026,additive,na,0.3,0,100,100,91.46,90.89,99.38,0,node880,21,env,,0,32,38,56,90.921,48
r10-r02-s0,4683334,s5014158,ResNet10,CIFAR10,100,layerwise,SGDm,Lion,1e-3,1e-6,1,1,-15:-2.3026,additive,na,0.2,0,100,100,91.53,91.53,99.3,0,node851,63,env,,0,32,36,42,91.211,43
r10-r1-s0,4683337,s5014158,ResNet10,CIFAR10,100,layerwise,SGDm,Lion,1e-3,1e-6,1,1,-15:-2.3026,additive,na,1,0,100,100,91.26,91.02,99.48,0,node858,61,env,,0,32,42,62,90.772,47
r10-r01-s0,4683331,s5014158,ResNet10,CIFAR10,100,layerwise,SGDm,Lion,1e-3,1e-6,1,1,-15:-2.3026,additive,na,0.1,0,100,100,91.93,91.71,98.68,0,node883,21,env,,0,35,39,42,91.611,12
r10-r0-s1,4683317,s5014158,ResNet10,CIFAR10,100,layerwise,SGDm,Lion,1e-3,1e-6,1,1,-15:-2.3026,additive,na,0,1,100,100,82.86,82.04,84.28,0,node858,60,env,,0,,,,82.19,0
r10c-r02-s1,4684274,s5014158,ResNet10,CIFAR10,100,layerwise,SGDm,Lion,1e-3,1e-3,1,1,-15:-2.3026,additive,na,0.2,1,100,100,91.17,90.51,98.37,0,node881,21,env,,0,16,21,30,90.744,72
r10-r007-s1,4683329,s5014158,ResNet10,CIFAR10,100,layerwise,SGDm,Lion,1e-3,1e-6,1,1,-15:-2.3026,additive,na,0.07,1,100,100,91.23,90.91,96.41,0,node858,61,env,,0,37,41,44,90.745,54
r10c-r01-s1,4684271,s5014158,ResNet10,CIFAR10,100,layerwise,SGDm,Lion,1e-3,1e-3,1,1,-15:-2.3026,additive,na,0.1,1,100,100,90.25,89.37,94.19,0,node858,61,env,,0,20,29,76,89.692,47
r10c-r1-s1,4684280,s5014158,ResNet10,CIFAR10,100,layerwise,SGDm,Lion,1e-3,1e-3,1,1,-15:-2.3026,additive,na,1,1,100,100,91.62,91.23,99.79,0,node881,21,env,,0,20,26,36,91.171,47
r10b-r008-s1,4683617,s5014158,ResNet10,CIFAR10,100,layerwise,SGDm,Lion,1e-3,1e-6,1,1,-15:-2.3026,additive,na,0.08,1,100,100,91.5,91.1,97.34,0,node885,21,env,,0,37,40,44,91.079,31
r10b-r03-s1,4683623,s5014158,ResNet10,CIFAR10,100,layerwise,SGDm,Lion,1e-3,1e-6,1,1,-15:-2.3026,additive,na,0.3,1,100,100,91.05,90.81,99.27,0,node881,21,env,,0,33,40,63,90.553,46
r10-r02-s1,4683335,s5014158,ResNet10,CIFAR10,100,layerwise,SGDm,Lion,1e-3,1e-6,1,1,-15:-2.3026,additive,na,0.2,1,100,100,91.06,90.92,99.32,0,node883,21,env,,0,35,39,50,90.816,57
r10-r1-s1,4683338,s5014158,ResNet10,CIFAR10,100,layerwise,SGDm,Lion,1e-3,1e-6,1,1,-15:-2.3026,additive,na,1,1,100,100,90.96,90.75,99.46,0,node851,64,env,,0,34,46,61,90.451,43
r10b-r015-s1,4683620,s5014158,ResNet10,CIFAR10,100,layerwise,SGDm,Lion,1e-3,1e-6,1,1,-15:-2.3026,additive,na,0.15,1,100,100,91.68,90.85,99.15,0,node887,21,env,,0,35,39,42,91.26,24
r10-r005-s1,4683323,s5014158,ResNet10,CIFAR10,100,layerwise,SGDm,Lion,1e-3,1e-6,1,1,-15:-2.3026,additive,na,0.05,1,100,100,90.38,89.88,94.0,0,node858,61,env,,0,38,44,74,89.847,46
r10-r006-s1,4683326,s5014158,ResNet10,CIFAR10,100,layerwise,SGDm,Lion,1e-3,1e-6,1,1,-15:-2.3026,additive,na,0.06,1,100,100,90.88,90.45,95.15,0,node859,61,env,,0,38,41,54,90.477,57
r10-r003-s1,4683320,s5014158,ResNet10,CIFAR10,100,layerwise,SGDm,Lion,1e-3,1e-6,1,1,-15:-2.3026,additive,na,0.03,1,100,100,89.4,88.73,91.94,0,node851,64,env,,0,40,59,,88.905,8
r10c-r005-s1,4684268,s5014158,ResNet10,CIFAR10,100,layerwise,SGDm,Lion,1e-3,1e-3,1,1,-15:-2.3026,additive,na,0.05,1,100,100,89.12,88.76,92.42,0,node885,21,env,,0,22,44,,88.646,1
sa3-ResNet10-add-s1,4683453,s5014158,ResNet10,CIFAR10,100,layerwise,SGDm,Lion,1e-3,1e-3,1,1,-15:-2.3026,additive,na,0.06,1,100,100,89.43,88.91,92.68,0,node887,21,env,,0,21,42,,89.014,13
sa3-ResNet10-layer-s1,4683452,s5014158,ResNet10,CIFAR10,100,layerwise,SGDm,Lion,1e-3,1e-3,1,1,-15:-2.3026,,na,na,1,100,100,91.97,91.97,99.77,0,node881,21,env,,0,20,26,41,91.436,37
r10-r01-s1,4683332,s5014158,ResNet10,CIFAR10,100,layerwise,SGDm,Lion,1e-3,1e-6,1,1,-15:-2.3026,additive,na,0.1,1,100,100,91.75,91.16,98.36,0,node851,64,env,,0,35,40,42,91.532,13
r10c-r05-s1,4684277,s5014158,ResNet10,CIFAR10,100,layerwise,SGDm,Lion,1e-3,1e-3,1,1,-15:-2.3026,additive,na,0.5,1,100,100,91.52,91.03,99.59,0,node887,21,env,,0,17,26,36,91.097,46
r10b-r04-s1,4683626,s5014158,ResNet10,CIFAR10,100,layerwise,SGDm,Lion,1e-3,1e-6,1,1,-15:-2.3026,additive,na,0.4,1,100,100,90.97,90.47,99.22,0,node851,64,env,,0,33,47,66,90.462,47
r10b-r06-s1,4683629,s5014158,ResNet10,CIFAR10,100,layerwise,SGDm,Lion,1e-3,1e-6,1,1,-15:-2.3026,additive,na,0.6,1,100,100,90.92,90.5,99.28,0,node887,21,env,,0,34,48,66,90.263,44
r10c-r0-s1,4684265,s5014158,ResNet10,CIFAR10,100,layerwise,SGDm,Lion,1e-3,1e-3,1,1,-15:-2.3026,additive,na,0,1,100,100,82.68,81.92,84.58,0,node851,65,env,,0,,,,82.323,0
sa3-ResNet10-layer-s2,4683461,s5014158,ResNet10,CIFAR10,100,layerwise,SGDm,Lion,1e-3,1e-3,1,1,-15:-2.3026,,na,na,2,100,100,91.49,91.27,99.72,0,node881,21,env,,0,17,24,35,90.943,55
r10-r006-s2,4683327,s5014158,ResNet10,CIFAR10,100,layerwise,SGDm,Lion,1e-3,1e-6,1,1,-15:-2.3026,additive,na,0.06,2,100,100,91.29,90.87,96.43,0,node880,21,env,,0,37,40,46,90.982,46
r10c-r01-s2,4684272,s5014158,ResNet10,CIFAR10,100,layerwise,SGDm,Lion,1e-3,1e-3,1,1,-15:-2.3026,additive,na,0.1,2,100,100,90.12,89.61,94.65,0,node887,21,env,,0,19,28,90,89.701,44
r10-r003-s2,4683321,s5014158,ResNet10,CIFAR10,100,layerwise,SGDm,Lion,1e-3,1e-6,1,1,-15:-2.3026,additive,na,0.03,2,100,100,89.82,89.82,92.74,0,node851,65,env,,0,39,49,,89.386,29
r10c-r005-s2,4684269,s5014158,ResNet10,CIFAR10,100,layerwise,SGDm,Lion,1e-3,1e-3,1,1,-15:-2.3026,additive,na,0.05,2,100,100,89.27,88.95,92.21,0,node887,21,env,,0,25,50,,88.674,5
r10b-r06-s2,4683630,s5014158,ResNet10,CIFAR10,100,layerwise,SGDm,Lion,1e-3,1e-6,1,1,-15:-2.3026,additive,na,0.6,2,100,100,91.32,91.2,99.42,0,node883,21,env,,0,32,40,56,90.842,44
r10-r02-s2,4683336,s5014158,ResNet10,CIFAR10,100,layerwise,SGDm,Lion,1e-3,1e-6,1,1,-15:-2.3026,additive,na,0.2,2,100,100,91.55,91.44,99.37,0,node851,64,env,,0,33,35,49,91.212,38
r10c-r05-s2,4684278,s5014158,ResNet10,CIFAR10,100,layerwise,SGDm,Lion,1e-3,1e-3,1,1,-15:-2.3026,additive,na,0.5,2,100,100,91.29,90.77,99.55,0,node887,21,env,,0,16,24,40,90.943,56
r10-r01-s2,4683333,s5014158,ResNet10,CIFAR10,100,layerwise,SGDm,Lion,1e-3,1e-6,1,1,-15:-2.3026,additive,na,0.1,2,100,100,92.03,91.68,98.77,0,node880,21,env,,0,35,38,46,91.627,18
r10-r005-s2,4683324,s5014158,ResNet10,CIFAR10,100,layerwise,SGDm,Lion,1e-3,1e-6,1,1,-15:-2.3026,additive,na,0.05,2,100,100,91.19,90.84,95.29,0,node858,61,env,,0,37,42,58,90.62,53
r10b-r04-s2,4683627,s5014158,ResNet10,CIFAR10,100,layerwise,SGDm,Lion,1e-3,1e-6,1,1,-15:-2.3026,additive,na,0.4,2,100,100,91.29,91.29,99.47,0,node881,21,env,,0,33,40,59,90.738,48
r10b-r03-s2,4683624,s5014158,ResNet10,CIFAR10,100,layerwise,SGDm,Lion,1e-3,1e-6,1,1,-15:-2.3026,additive,na,0.3,2,100,100,91.36,91.03,99.36,0,node886,21,env,,0,33,39,56,90.869,46
sa3-ResNet10-add-s2,4683462,s5014158,ResNet10,CIFAR10,100,layerwise,SGDm,Lion,1e-3,1e-3,1,1,-15:-2.3026,additive,na,0.06,2,100,100,89.28,89.07,92.65,0,node886,21,env,,0,22,41,,88.803,5
r10c-r02-s2,4684275,s5014158,ResNet10,CIFAR10,100,layerwise,SGDm,Lion,1e-3,1e-3,1,1,-15:-2.3026,additive,na,0.2,2,100,100,91.48,90.6,98.18,0,node851,64,env,,0,16,19,32,90.882,68
r10-r007-s2,4683330,s5014158,ResNet10,CIFAR10,100,layerwise,SGDm,Lion,1e-3,1e-6,1,1,-15:-2.3026,additive,na,0.07,2,100,100,91.9,91.67,97.41,0,node858,61,env,,0,35,40,45,91.467,15
r10-r0-s2,4683318,s5014158,ResNet10,CIFAR10,100,layerwise,SGDm,Lion,1e-3,1e-6,1,1,-15:-2.3026,additive,na,0,2,100,100,82.47,82.14,84.18,0,node880,21,env,,0,,,,82.109,0
r10b-r008-s2,4683618,s5014158,ResNet10,CIFAR10,100,layerwise,SGDm,Lion,1e-3,1e-6,1,1,-15:-2.3026,additive,na,0.08,2,100,100,92.2,91.7,98.13,0,node886,21,env,,0,35,39,43,91.596,14
r10b-r015-s2,4683621,s5014158,ResNet10,CIFAR10,100,layerwise,SGDm,Lion,1e-3,1e-6,1,1,-15:-2.3026,additive,na,0.15,2,100,100,91.76,91.58,99.3,0,node883,21,env,,0,34,37,44,91.47,30
r10-r1-s2,4683339,s5014158,ResNet10,CIFAR10,100,layerwise,SGDm,Lion,1e-3,1e-6,1,1,-15:-2.3026,additive,na,1,2,100,100,91.06,90.94,99.48,0,node880,21,env,,0,30,40,61,90.536,50
r10c-r1-s2,4684281,s5014158,ResNet10,CIFAR10,100,layerwise,SGDm,Lion,1e-3,1e-3,1,1,-15:-2.3026,additive,na,1,2,100,100,91.31,90.91,99.63,0,node851,64,env,,0,18,24,40,90.893,59
r10c-r0-s2,4684266,s5014158,ResNet10,CIFAR10,100,layerwise,SGDm,Lion,1e-3,1e-3,1,1,-15:-2.3026,additive,na,0,2,100,100,82.49,82.0,84.26,0,node887,21,env,,0,,,,82.036,0
p5-r10-node,4683379,s5014158,ResNet10,CIFAR10,100,nodewise,SGDm,Lion,1e-3,1e-6,1,1,-15:-2.3026,shrink,1.0,na,0,20,20,30.96,30.96,30.48,0,node886,6,env,,0,,,,17.464,0
p5-r10-scal,4683377,s5014158,ResNet10,CIFAR10,100,scalar,SGDm,Lion,1e-3,1e-6,1,1,-15:-2.3026,,na,na,0,20,20,60.98,60.98,60.33,0,node858,14,env,,0,,,,27.948,0
sa3-ResNet10-scal-s0,4683442,s5014158,ResNet10,CIFAR10,100,scalar,SGDm,Lion,1e-3,1e-3,1,1,-15:-2.3026,,na,na,0,100,100,71.93,71.69,72.15,0,node883,30,env,,0,,,,71.668,0
sa3-ResNet10-scal-s1,4683451,s5014158,ResNet10,CIFAR10,100,scalar,SGDm,Lion,1e-3,1e-3,1,1,-15:-2.3026,,na,na,1,100,100,70.1,69.94,70.28,0,node851,73,env,,0,,,,69.897,0
sa3-ResNet10-scal-s2,4683460,s5014158,ResNet10,CIFAR10,100,scalar,SGDm,Lion,1e-3,1e-3,1,1,-15:-2.3026,,na,na,2,100,100,70.61,70.34,70.54,0,node858,72,env,,0,,,,70.344,0
p5-r10-w,4683380,s5014158,ResNet10,CIFAR10,100,weightwise,SGDm,Lion,1e-3,1e-6,1,1,-15:-2.3026,shrink,1.0,na,0,20,20,12.91,12.91,12.63,0,node882,6,env,,0,,,,10.913,0
a0-layer-1e6_s0,4680710,s5014158,ResNet18,CIFAR10,100,layerwise,AdamW,Adam,1e-3,1e-6,1,1,-15:-2.3026,,na,na,0,100,100,91.94,91.53,99.8,0,node881,40,env,,0,10,16,27,91.683,29
g2_mAdam_layer_s0,4679381,s5014158,ResNet18,CIFAR10,100,layerwise,AdamW,Adam,1e-3,1e-6,1,1,none,,na,na,0,100,100,92.08,91.67,99.83,0,node882,41,inferred,,0,9,16,24,91.767,26
a0-layer-1e4_s0,4680709,s5014158,ResNet18,CIFAR10,100,layerwise,AdamW,Adam,1e-3,1e-4,1,1,-15:-2.3026,,na,na,0,100,100,92.4,92.27,99.83,0,node885,39,env,a0-layer-1e4_s0,0,7,12,19,92.053,21
g1_adamw_layer_s0,4679169,s5014158,ResNet18,CIFAR10,100,layerwise,AdamW,Lion,1e-3,1e-6,1,1,none,,na,na,0,100,100,92.0,91.82,99.74,0,node885,42,inferred,,0,13,18,31,91.569,35
a0-layer-1e3_s0,4680708,s5014158,ResNet18,CIFAR10,100,layerwise,AdamW,Adam,1e-3,1e-3,1,1,-15:-2.3026,,na,na,0,100,100,91.15,90.58,99.87,0,node880,40,env,,0,10,15,38,90.844,74
a0-layer-1e4_s0,4682515,s5014158,ResNet18,CIFAR10,100,layerwise,AdamW,Adam,1e-3,1e-4,1,1,-15:-2.3026,,na,na,0,55,100,91.96,91.96,99.48,0,node880,,env,a0-layer-1e4_s0,1,6,11,19,91.558,17
g2_mAdam_layer_s1,4679382,s5014158,ResNet18,CIFAR10,100,layerwise,AdamW,Adam,1e-3,1e-6,1,1,none,,na,na,1,100,100,92.0,91.52,99.84,0,node882,41,inferred,,0,8,15,24,91.582,39
a0-layer-1e3_s1,4680717,s5014158,ResNet18,CIFAR10,100,layerwise,AdamW,Adam,1e-3,1e-3,1,1,-15:-2.3026,,na,na,1,100,100,90.87,90.77,99.85,0,node885,39,env,,0,9,15,29,90.619,81
g1_adamw_layer_s1,4679170,s5014158,ResNet18,CIFAR10,100,layerwise,AdamW,Lion,1e-3,1e-6,1,1,none,,na,na,1,100,100,91.67,91.15,99.78,0,node885,42,inferred,,0,14,16,32,91.179,39
a0-layer-1e4_s1,4680718,s5014158,ResNet18,CIFAR10,100,layerwise,AdamW,Adam,1e-3,1e-4,1,1,-15:-2.3026,,na,na,1,100,100,92.31,92.31,99.88,0,node881,39,env,,0,8,12,17,91.773,24
a0-layer-1e6_s1,4680719,s5014158,ResNet18,CIFAR10,100,layerwise,AdamW,Adam,1e-3,1e-6,1,1,-15:-2.3026,,na,na,1,100,100,92.12,92.1,99.77,0,node882,39,env,,0,10,15,26,91.752,23
g1_adamw_layer_s2,4679171,s5014158,ResNet18,CIFAR10,100,layerwise,AdamW,Lion,1e-3,1e-6,1,1,none,,na,na,2,100,100,91.83,91.76,99.77,0,node885,42,inferred,,0,13,19,35,91.505,41
a0-layer-1e3_s2,4680726,s5014158,ResNet18,CIFAR10,100,layerwise,AdamW,Adam,1e-3,1e-3,1,1,-15:-2.3026,,na,na,2,100,100,91.19,91.09,99.92,0,node881,39,env,,0,10,15,32,91.015,67
g2_mAdam_layer_s2,4679383,s5014158,ResNet18,CIFAR10,100,layerwise,AdamW,Adam,1e-3,1e-6,1,1,none,,na,na,2,100,100,92.19,92.0,99.85,0,node882,40,inferred,,0,9,15,27,91.801,28
a0-layer-1e4_s2,4680727,s5014158,ResNet18,CIFAR10,100,layerwise,AdamW,Adam,1e-3,1e-4,1,1,-15:-2.3026,,na,na,2,100,100,92.05,91.78,99.81,0,node882,39,env,,0,8,14,22,91.767,20
a0-layer-1e6_s2,4680728,s5014158,ResNet18,CIFAR10,100,layerwise,AdamW,Adam,1e-3,1e-6,1,1,-15:-2.3026,,na,na,2,100,100,91.89,91.86,99.84,0,node882,39,env,,0,10,14,28,91.655,34
a0-blk6-1e6_s0,4680707,s5014158,ResNet18,CIFAR10,100,resnet18_blocks,AdamW,Adam,1e-3,1e-6,1,1,-15:-2.3026,,na,na,0,100,100,92.24,92.1,99.71,0,node885,43,env,,0,10,17,30,91.802,31
a0-blk6-1e4_s0,4680706,s5014158,ResNet18,CIFAR10,100,resnet18_blocks,AdamW,Adam,1e-3,1e-4,1,1,-15:-2.3026,,na,na,0,100,100,92.23,91.25,99.7,0,node886,43,env,a0-blk6-1e4_s0,0,10,16,29,91.749,31
g1_adamw_blk6_s0,4679166,s5014158,ResNet18,CIFAR10,100,resnet18_blocks,AdamW,Lion,1e-3,1e-6,1,1,none,,na,na,0,100,100,92.1,91.68,99.62,0,node882,46,inferred,,0,12,17,35,91.641,38
g2_mAdam_blk6_s0,4679378,s5014158,ResNet18,CIFAR10,100,resnet18_blocks,AdamW,Adam,1e-3,1e-6,1,1,none,,na,na,0,100,100,92.2,91.71,99.7,0,node885,43,inferred,,0,10,17,27,91.619,27
a0-blk6-1e4_s0,4682514,s5014158,ResNet18,CIFAR10,100,resnet18_blocks,AdamW,Adam,1e-3,1e-4,1,1,-15:-2.3026,,na,na,0,50,100,91.25,90.64,98.85,0,node882,,env,a0-blk6-1e4_s0,1,8,18,27,90.264,25
a0-blk6-1e3_s0,4680705,s5014158,ResNet18,CIFAR10,100,resnet18_blocks,AdamW,Adam,1e-3,1e-3,1,1,-15:-2.3026,,na,na,0,100,100,92.14,91.91,99.92,0,node885,43,env,,0,8,11,19,91.849,17
a0-blk6-1e3_s1,4680714,s5014158,ResNet18,CIFAR10,100,resnet18_blocks,AdamW,Adam,1e-3,1e-3,1,1,-15:-2.3026,,na,na,1,100,100,92.26,92.17,99.93,0,node886,43,env,,0,8,12,18,92.118,12
a0-blk6-1e4_s1,4680715,s5014158,ResNet18,CIFAR10,100,resnet18_blocks,AdamW,Adam,1e-3,1e-4,1,1,-15:-2.3026,,na,na,1,100,100,91.94,91.44,99.58,0,node885,43,env,,0,8,14,25,91.585,31
g1_adamw_blk6_s1,4679167,s5014158,ResNet18,CIFAR10,100,resnet18_blocks,AdamW,Lion,1e-3,1e-6,1,1,none,,na,na,1,100,100,91.52,91.3,99.66,0,node880,46,inferred,,0,14,17,36,91.079,51
g2_mAdam_blk6_s1,4679379,s5014158,ResNet18,CIFAR10,100,resnet18_blocks,AdamW,Adam,1e-3,1e-6,1,1,none,,na,na,1,100,100,91.98,91.82,99.71,0,node880,45,inferred,,0,10,16,28,91.655,34
a0-blk6-1e6_s1,4680716,s5014158,ResNet18,CIFAR10,100,resnet18_blocks,AdamW,Adam,1e-3,1e-6,1,1,-15:-2.3026,,na,na,1,100,100,91.9,91.79,99.71,0,node880,44,env,,0,10,16,29,91.547,29
g1_adamw_blk6_s2,4679168,s5014158,ResNet18,CIFAR10,100,resnet18_blocks,AdamW,Lion,1e-3,1e-6,1,1,none,,na,na,2,100,100,91.95,91.07,99.79,0,node881,46,inferred,,0,13,19,36,91.382,39
a0-blk6-1e6_s2,4680725,s5014158,ResNet18,CIFAR10,100,resnet18_blocks,AdamW,Adam,1e-3,1e-6,1,1,-15:-2.3026,,na,na,2,100,100,91.96,91.88,99.74,0,node880,44,env,,0,11,15,33,91.713,37
a0-blk6-1e4_s2,4680724,s5014158,ResNet18,CIFAR10,100,resnet18_blocks,AdamW,Adam,1e-3,1e-4,1,1,-15:-2.3026,,na,na,2,100,100,91.91,91.44,99.63,0,node885,43,env,,0,10,19,34,91.581,32
a0-blk6-1e3_s2,4680723,s5014158,ResNet18,CIFAR10,100,resnet18_blocks,AdamW,Adam,1e-3,1e-3,1,1,-15:-2.3026,,na,na,2,100,100,92.18,92.12,99.94,0,node885,43,env,,0,9,12,19,92.039,10
g2_mAdam_blk6_s2,4679380,s5014158,ResNet18,CIFAR10,100,resnet18_blocks,AdamW,Adam,1e-3,1e-6,1,1,none,,na,na,2,100,100,92.0,91.95,99.64,0,node881,45,inferred,,0,10,15,27,91.645,38
g2_mAdam_scal_s0,4679375,s5014158,ResNet18,CIFAR10,100,scalar,AdamW,Adam,1e-3,1e-6,1,1,none,,na,na,0,100,100,92.23,91.97,99.67,0,node886,46,inferred,,0,10,17,25,91.663,30
a0-scal-1e3_s0,4680702,s5014158,ResNet18,CIFAR10,100,scalar,AdamW,Adam,1e-3,1e-3,1,1,-15:-2.3026,,na,na,0,100,100,92.76,92.56,99.92,0,node881,45,env,,0,10,12,18,92.481,9
a0-scal-1e6_s0,4680704,s5014158,ResNet18,CIFAR10,100,scalar,AdamW,Adam,1e-3,1e-6,1,1,-15:-2.3026,,na,na,0,100,100,92.12,91.41,99.61,0,node882,45,env,,0,10,19,30,91.673,36
a0-scal-1e4_s0,4680703,s5014158,ResNet18,CIFAR10,100,scalar,AdamW,Adam,1e-3,1e-4,1,1,-15:-2.3026,,na,na,0,100,100,92.37,91.98,99.75,0,node882,45,env,a0-scal-1e4_s0,0,10,14,27,91.752,36
a0-scal-1e4_s0,4682513,s5014158,ResNet18,CIFAR10,100,scalar,AdamW,Adam,1e-3,1e-4,1,1,-15:-2.3026,,na,na,0,50,100,91.14,91.07,98.62,0,node882,,env,a0-scal-1e4_s0,1,8,16,26,90.477,23
g1_adamw_scal_s0,4679277,s5014158,ResNet18,CIFAR10,100,scalar,AdamW,Lion,1e-3,1e-6,1,1,none,,na,na,0,100,100,92.05,91.67,99.58,0,node885,45,inferred,,0,11,19,33,91.74,26
a0-scal-1e4_s1,4680712,s5014158,ResNet18,CIFAR10,100,scalar,AdamW,Adam,1e-3,1e-4,1,1,-15:-2.3026,,na,na,1,100,100,92.31,92.31,99.7,0,node882,44,env,,0,8,16,29,91.771,31
a0-scal-1e6_s1,4680713,s5014158,ResNet18,CIFAR10,100,scalar,AdamW,Adam,1e-3,1e-6,1,1,-15:-2.3026,,na,na,1,100,100,92.02,91.65,99.71,0,node885,44,env,,0,10,16,35,91.495,39
g1_adamw_scal_s1,4679278,s5014158,ResNet18,CIFAR10,100,scalar,AdamW,Lion,1e-3,1e-6,1,1,none,,na,na,1,100,100,91.87,91.87,99.65,0,node885,45,inferred,,0,14,21,36,91.534,41
g2_mAdam_scal_s1,4679376,s5014158,ResNet18,CIFAR10,100,scalar,AdamW,Adam,1e-3,1e-6,1,1,none,,na,na,1,100,100,91.77,91.77,99.58,0,node885,44,inferred,,0,10,22,36,91.422,37
a0-scal-1e3_s1,4680711,s5014158,ResNet18,CIFAR10,100,scalar,AdamW,Adam,1e-3,1e-3,1,1,-15:-2.3026,,na,na,1,100,100,93.07,92.83,99.93,0,node882,43,env,,0,9,13,16,92.816,6
g2_mAdam_scal_s2,4679377,s5014158,ResNet18,CIFAR10,100,scalar,AdamW,Adam,1e-3,1e-6,1,1,none,,na,na,2,100,100,91.8,91.55,99.72,0,node885,44,inferred,,0,12,18,31,91.426,40
a0-scal-1e6_s2,4680722,s5014158,ResNet18,CIFAR10,100,scalar,AdamW,Adam,1e-3,1e-6,1,1,-15:-2.3026,,na,na,2,100,100,92.14,91.95,99.54,0,node885,44,env,,0,12,22,32,91.651,32
a0-scal-1e4_s2,4680721,s5014158,ResNet18,CIFAR10,100,scalar,AdamW,Adam,1e-3,1e-4,1,1,-15:-2.3026,,na,na,2,100,100,92.2,91.95,99.64,0,node886,43,env,,0,9,15,26,91.703,29
a0-scal-1e3_s2,4680720,s5014158,ResNet18,CIFAR10,100,scalar,AdamW,Adam,1e-3,1e-3,1,1,-15:-2.3026,,na,na,2,100,100,92.98,92.78,99.98,0,node882,43,env,,0,11,14,17,92.754,9
g1_adamw_scal_s2,4679279,s5014158,ResNet18,CIFAR10,100,scalar,AdamW,Lion,1e-3,1e-6,1,1,none,,na,na,2,100,100,92.04,90.97,99.53,0,node885,45,inferred,,0,14,21,31,91.428,43
g1_adamw_weight_s0,4679172,s5014158,ResNet18,CIFAR10,100,weightwise,AdamW,Lion,1e-3,1e-6,1,1,none,,na,na,0,100,100,85.82,85.2,97.7,0,node885,44,inferred,,0,64,,,85.281,0
g1_adamw_weight_s1,4679173,s5014158,ResNet18,CIFAR10,100,weightwise,AdamW,Lion,1e-3,1e-6,1,1,none,,na,na,1,100,100,85.96,85.2,97.75,0,node886,45,inferred,,0,67,,,85.302,0
g1_adamw_weight_s2,4679174,s5014158,ResNet18,CIFAR10,100,weightwise,AdamW,Lion,1e-3,1e-6,1,1,none,,na,na,2,100,100,86.38,86.14,97.74,0,node886,45,inferred,,0,62,,,85.576,0
a2_smoke,4679107,s5014158,ResNet18,CIFAR10,100,scalar,HF,?,1e-3,1e-6,1,1,none,,na,na,1,2,2,56.12,56.12,50.69,0,node851,4,inferred,,0,,,,,0
bo-lion-r02-s0,4685388,s5014158,ResNet18,CIFAR10,100,layerwise,Lion,Lion,1e-3,1e-6,1,1,-15:-2.3026,additive,0,0.2,0,100,100,92.55,92.36,99.87,0,node887,39,env,,0,13,18,26,92.285,15
bo-lion-r006-s0,4685387,s5014158,ResNet18,CIFAR10,100,layerwise,Lion,Lion,1e-3,1e-6,1,1,-15:-2.3026,additive,0,0.06,0,100,100,93.25,93.07,99.94,0,node887,39,env,,0,13,20,26,92.985,12
bo-lion-r0-s0,4685386,s5014158,ResNet18,CIFAR10,100,layerwise,Lion,Lion,1e-3,1e-6,1,1,-15:-2.3026,additive,0,0,0,100,100,94.14,94.14,99.97,0,node885,39,env,,0,15,20,28,93.827,19
bo-lion-layer-s0,4685385,s5014158,ResNet18,CIFAR10,100,layerwise,Lion,Lion,1e-3,1e-6,1,1,-15:-2.3026,,0,na,0,100,100,91.92,91.41,99.77,0,node858,76,env,,0,12,16,28,91.567,32
bo-lion-r02-s1,4685393,s5014158,ResNet18,CIFAR10,100,layerwise,Lion,Lion,1e-3,1e-6,1,1,-15:-2.3026,additive,0,0.2,1,100,100,92.42,92.32,99.89,0,node887,39,env,,0,13,18,25,92.174,15
bo-lion-r0-s1,4685391,s5014158,ResNet18,CIFAR10,100,layerwise,Lion,Lion,1e-3,1e-6,1,1,-15:-2.3026,additive,0,0,1,100,100,93.99,93.93,99.96,0,node885,39,env,,0,14,22,29,93.498,16
bo-lion-r006-s1,4685392,s5014158,ResNet18,CIFAR10,100,layerwise,Lion,Lion,1e-3,1e-6,1,1,-15:-2.3026,additive,0,0.06,1,100,100,93.44,93.36,99.95,0,node887,39,env,,0,14,19,29,93.141,14
bo-lion-layer-s1,4685390,s5014158,ResNet18,CIFAR10,100,layerwise,Lion,Lion,1e-3,1e-6,1,1,-15:-2.3026,,0,na,1,100,100,91.74,91.43,99.76,0,node887,39,env,,0,11,16,33,91.286,42
bo-lion-layer-s2,4685395,s5014158,ResNet18,CIFAR10,100,layerwise,Lion,Lion,1e-3,1e-6,1,1,-15:-2.3026,,0,na,2,100,100,91.52,91.24,99.76,0,node858,75,env,,0,11,16,27,91.127,50
bo-lion-scal-s0,4685384,s5014158,ResNet18,CIFAR10,100,scalar,Lion,Lion,1e-3,1e-6,1,1,-15:-2.3026,,0,na,0,100,100,92.05,91.91,99.68,0,node851,95,env,,0,11,16,27,91.69,28
bo-lion-scal-s1,4685389,s5014158,ResNet18,CIFAR10,100,scalar,Lion,Lion,1e-3,1e-6,1,1,-15:-2.3026,,0,na,1,100,100,91.79,91.62,99.68,0,node851,94,env,,0,11,18,29,91.442,39
bo-lion-scal-s2,4685394,s5014158,ResNet18,CIFAR10,100,scalar,Lion,Lion,1e-3,1e-6,1,1,-15:-2.3026,,0,na,2,100,100,91.66,91.12,99.69,0,node859,94,env,,0,11,18,33,91.196,48
p4-ad-r1,4681092,s5014158,ResNet18,CIFAR10,100,layerwise,SGDm,Lion,1e-3,1e-6,1,1,-15:-2.3026,additive,na,1.0,0,20,20,73.58,73.58,73.06,0,node885,6,env,,0,,,,32.926,0
ms-lay-1e4-s0,4687156,s5014158,ResNet18,CIFAR10,100,layerwise,SGDm,Lion,1e-4,1e-6,1,1,-15:-2.3026,,na,na,0,100,100,45.8,45.8,44.56,0,node859,71,env,,0,,,,40.427,0
p6-r03-s0,4683401,s5014158,ResNet18,CIFAR10,100,layerwise,SGDm,Lion,1e-3,1e-3,1,1,-15:-2.3026,additive,na,0.3,0,100,100,92.15,91.76,99.9,0,node881,31,env,,0,15,17,26,91.825,31
p6-r1-s0,4683403,s5014158,ResNet18,CIFAR10,100,layerwise,SGDm,Lion,1e-3,1e-3,1,1,-15:-2.3026,additive,na,1,0,100,100,91.47,91.21,99.85,0,node887,31,env,,0,14,25,42,91.184,49
ad-l-r0_s0,4681038,s5014158,ResNet18,CIFAR10,100,layerwise,SGDm,Lion,1e-3,1e-6,1,1,-15:-2.3026,additive,na,0,0,100,100,92.44,92.35,97.76,0,node885,31,env,,0,36,38,41,92.222,5
p6-r006-s0,4683395,s5014158,ResNet18,CIFAR10,100,layerwise,SGDm,Lion,1e-3,1e-3,1,1,-15:-2.3026,additive,na,0.06,0,100,100,92.51,92.38,98.75,0,node859,71,env,,0,18,20,22,92.141,3
ms-lay-3e5-s0,4687155,s5014158,ResNet18,CIFAR10,100,layerwise,SGDm,Lion,3e-5,1e-6,1,1,-15:-2.3026,,na,na,0,100,100,23.0,22.72,23.12,0,node886,31,env,,0,,,,21.431,0
zrn-l-r09_s0,4682647,s5014158,ResNet18,CIFAR10,100,layerwise,SGDm,Lion,1e-3,1e-6,1,1,-15:-2.3026,zpool,na,0.9,0,100,100,90.61,90.26,99.53,0,node851,76,env,,0,29,40,79,90.048,42
a0A-lplain-1e3_s0,4680900,s5014158,ResNet18,CIFAR10,100,layerwise,SGDm,Adam,1e-3,1e-3,1,1,-15:-2.3026,,na,na,0,100,100,91.57,91.27,99.8,0,node851,77,env,,0,12,20,40,91.177,47
zsx-l-r0_s0,4681811,s5014158,ResNet18,CIFAR10,100,layerwise,SGDm,Lion,1e-3,1e-6,1,1,-15:-2.3026,zpool,na,0,0,100,100,87.75,87.41,93.6,0,node851,77,env,,0,38,,,87.52,0
z3-l-r0,4681226,s5014158,ResNet18,CIFAR10,100,layerwise,SGDm,Lion,1e-3,1e-3,1,1,-15:-2.3026,zpool,na,0,0,20,20,84.21,84.21,86.08,0,node851,15,env,,0,,,,71.815,0
a0A-lplain-1e6_s0,4680916,s5014158,ResNet18,CIFAR10,100,layerwise,SGDm,Adam,1e-3,1e-6,1,1,-15:-2.3026,,na,na,0,100,100,90.99,90.85,99.71,0,node851,76,env,,0,15,23,47,90.669,67
a0A-lsh01-1e4_s0,4680905,s5014158,ResNet18,CIFAR10,100,layerwise,SGDm,Adam,1e-3,1e-4,1,1,-15:-2.3026,shrink,0.1,na,0,100,100,92.12,91.44,97.75,0,node851,77,env,,0,13,14,20,91.752,20
p4-ad-r003,4681089,s5014158,ResNet18,CIFAR10,100,layerwise,SGDm,Lion,1e-3,1e-6,1,1,-15:-2.3026,additive,na,0.03,0,20,20,53.61,53.61,52.26,0,node887,6,env,,0,,,,26.128,0
ms-lay-1e5-s0,4687154,s5014158,ResNet18,CIFAR10,100,layerwise,SGDm,Lion,1e-5,1e-6,1,1,-15:-2.3026,,na,na,0,100,100,18.7,18.24,19.53,0,node887,31,env,,0,,,,17.926,0
z3-ref-layer,4681224,s5014158,ResNet18,CIFAR10,100,layerwise,SGDm,Lion,1e-3,1e-3,1,1,-15:-2.3026,,na,na,0,20,20,87.8,87.8,91.74,0,node851,15,env,,0,15,,,75.066,0
ad-l-r003_s0,4681039,s5014158,ResNet18,CIFAR10,100,layerwise,SGDm,Lion,1e-3,1e-6,1,1,-15:-2.3026,additive,na,0.03,0,100,100,92.89,92.45,98.96,0,node881,30,env,,0,37,39,41,92.555,1
p4-ad-r0,4681088,s5014158,ResNet18,CIFAR10,100,layerwise,SGDm,Lion,1e-3,1e-6,1,1,-15:-2.3026,additive,na,0,0,20,20,52.87,52.87,51.39,0,node887,6,env,,0,,,,25.908,0
ad-l-r02_s0,4681156,s5014158,ResNet18,CIFAR10,100,layerwise,SGDm,Lion,1e-3,1e-6,1,1,-15:-2.3026,additive,na,0.2,0,100,100,91.65,91.2,99.66,0,node886,31,env,,0,30,35,41,91.348,33
zad-plain_s0,4683230,s5014158,ResNet18,CIFAR10,100,layerwise,SGDm,Lion,1e-3,1e-6,1,1,-15:-2.3026,,na,na,0,100,100,91.39,91.03,99.57,0,node883,31,env,,0,28,35,53,90.975,46
p2-lay-plain,4681052,s5014158,ResNet18,CIFAR10,100,layerwise,SGDm,Lion,1e-3,1e-6,1,1,-15:-2.3026,,na,na,0,20,20,74.29,74.29,73.33,0,node882,6,env,,0,,,,33.054,0
zsx-l-r1_s0,4681821,s5014158,ResNet18,CIFAR10,100,layerwise,SGDm,Lion,1e-3,1e-6,1,1,-15:-2.3026,zpool,na,1,0,100,100,91.46,90.86,99.62,0,node851,78,env,,0,28,33,50,91.047,46
p6-r007-s0,4683397,s5014158,ResNet18,CIFAR10,100,layerwise,SGDm,Lion,1e-3,1e-3,1,1,-15:-2.3026,additive,na,0.07,0,100,100,92.6,91.98,98.92,0,node859,71,env,,0,18,19,21,92.183,4
ms-lay-3e4-s0,4687157,s5014158,ResNet18,CIFAR10,100,layerwise,SGDm,Lion,3e-4,1e-6,1,1,-15:-2.3026,,na,na,0,100,100,90.42,89.84,98.66,0,node853,74,env,,0,63,71,83,89.876,24
p6-r003-s0,4683391,s5014158,ResNet18,CIFAR10,100,layerwise,SGDm,Lion,1e-3,1e-3,1,1,-15:-2.3026,additive,na,0.03,0,100,100,92.45,92.36,98.25,0,node885,31,env,,0,18,20,23,92.203,7
ad-l-r007_s0,4681647,s5014158,ResNet18,CIFAR10,100,layerwise,SGDm,Lion,1e-3,1e-6,1,1,-15:-2.3026,additive,na,0.07,0,100,100,93.51,93.31,99.83,0,node885,30,env,,0,34,40,41,93.289,3
zsx-l-r03_s0,4681815,s5014158,ResNet18,CIFAR10,100,layerwise,SGDm,Lion,1e-3,1e-6,1,1,-15:-2.3026,zpool,na,0.3,0,100,100,89.75,89.64,99.07,0,node851,77,env,,0,32,45,,89.371,25
mx-a1e3-layer-s0,4682944,s5014158,ResNet18,CIFAR10,100,layerwise,SGDm,Lion,1e-3,1e-3,1,1,-15:-2.3026,,na,na,0,100,100,91.61,91.29,99.88,0,node864,36,env,,0,15,23,40,91.158,52
p2-lay-L1p0,4681049,s5014158,ResNet18,CIFAR10,100,layerwise,SGDm,Lion,1e-3,1e-6,1,1,-15:-2.3026,shrink,1.0,na,0,20,20,53.14,53.14,51.42,0,node880,6,env,,0,,,,25.935,0
zsx-l-r01_s0,4681813,s5014158,ResNet18,CIFAR10,100,layerwise,SGDm,Lion,1e-3,1e-6,1,1,-15:-2.3026,zpool,na,0.1,0,100,100,90.08,89.88,98.68,0,node859,71,env,,0,33,52,98,89.575,27
zsx-l-r07_s0,4681819,s5014158,ResNet18,CIFAR10,100,layerwise,SGDm,Lion,1e-3,1e-6,1,1,-15:-2.3026,zpool,na,0.7,0,100,100,89.26,88.79,98.61,0,node859,72,env,,0,33,55,,88.826,5
p4-ad-r01,4681090,s5014158,ResNet18,CIFAR10,100,layerwise,SGDm,Lion,1e-3,1e-6,1,1,-15:-2.3026,additive,na,0.1,0,20,20,56.17,56.17,54.17,0,node881,6,env,,0,,,,26.711,0
zrn-l-r099_s0,4682651,s5014158,ResNet18,CIFAR10,100,layerwise,SGDm,Lion,1e-3,1e-6,1,1,-15:-2.3026,zpool,na,0.99,0,100,100,91.39,91.02,99.65,0,node859,71,env,,0,28,37,58,90.971,49
p6-r01-s0,4683399,s5014158,ResNet18,CIFAR10,100,layerwise,SGDm,Lion,1e-3,1e-3,1,1,-15:-2.3026,additive,na,0.1,0,100,100,92.73,92.19,99.42,0,node851,77,env,,0,17,19,21,92.462,2
zrn-l-r07_s0,4682645,s5014158,ResNet18,CIFAR10,100,layerwise,SGDm,Lion,1e-3,1e-6,1,1,-15:-2.3026,zpool,na,0.7,0,100,100,89.7,89.48,99.0,0,node851,78,env,,0,33,50,,89.207,19
zad-r1_s0,4683231,s5014158,ResNet18,CIFAR10,100,layerwise,SGDm,Lion,1e-3,1e-6,1,1,-15:-2.3026,additive,na,1,0,100,100,91.32,90.97,99.63,0,node880,31,env,,0,28,38,52,90.918,51
a0A-lsh01-1e3_s0,4680901,s5014158,ResNet18,CIFAR10,100,layerwise,SGDm,Adam,1e-3,1e-3,1,1,-15:-2.3026,shrink,0.1,na,0,100,100,92.17,92.17,97.98,0,node859,72,env,,0,13,14,17,91.97,18
ms-layA-1e3-s0,4687175,s5014158,ResNet18,CIFAR10,100,layerwise,SGDm,Lion,1e-3,1e-3,1,1,-15:-2.3026,,na,na,0,100,100,91.77,91.28,99.88,0,node851,75,env,,0,14,23,39,91.261,45
z3-l-r1,4681227,s5014158,ResNet18,CIFAR10,100,layerwise,SGDm,Lion,1e-3,1e-3,1,1,-15:-2.3026,zpool,na,1,0,20,20,87.73,87.73,91.65,0,node859,14,env,,0,14,,,75.087,0
a0A-lplain-1e4_s0,4680904,s5014158,ResNet18,CIFAR10,100,layerwise,SGDm,Adam,1e-3,1e-4,1,1,-15:-2.3026,,na,na,0,100,100,91.38,90.91,99.76,0,node851,76,env,,0,13,20,40,90.98,66
ad-l-r01_s0,4681040,s5014158,ResNet18,CIFAR10,100,layerwise,SGDm,Lion,1e-3,1e-6,1,1,-15:-2.3026,additive,na,0.1,0,100,100,93.01,92.52,99.88,0,node881,30,env,,0,32,38,41,92.79,5
a0A-lsh01-1e6_s0,4680917,s5014158,ResNet18,CIFAR10,100,layerwise,SGDm,Adam,1e-3,1e-6,1,1,-15:-2.3026,shrink,0.1,na,0,100,100,92.36,91.94,98.06,0,node859,72,env,,0,15,15,19,92.024,14
zsx-l-r05_s0,4681817,s5014158,ResNet18,CIFAR10,100,layerwise,SGDm,Lion,1e-3,1e-6,1,1,-15:-2.3026,zpool,na,0.5,0,100,100,89.58,89.46,99.09,0,node851,78,env,,0,32,50,,89.115,16
p6-r005-s0,4683393,s5014158,ResNet18,CIFAR10,100,layerwise,SGDm,Lion,1e-3,1e-3,1,1,-15:-2.3026,additive,na,0.05,0,100,100,92.47,92.23,98.53,0,node858,71,env,,0,18,19,21,92.108,3
mx-a1e4-layer-s0,4682929,s5014158,ResNet18,CIFAR10,100,layerwise,SGDm,Lion,1e-3,1e-4,1,1,-15:-2.3026,,na,na,0,100,100,91.06,90.68,99.74,0,node883,33,env,,0,18,26,47,90.758,64
g4-sgdmAdam-layer_s0,4680742,s5014158,ResNet18,CIFAR10,100,layerwise,SGDm,Adam,1e-3,1e-6,1,1,-15:-2.3026,,na,na,0,100,100,90.76,90.6,99.68,0,node885,30,env,,0,14,26,60,90.407,62
ad-l-r03_s0,4681041,s5014158,ResNet18,CIFAR10,100,layerwise,SGDm,Lion,1e-3,1e-6,1,1,-15:-2.3026,additive,na,0.3,0,100,100,91.46,91.35,99.68,0,node880,30,env,,0,30,36,48,90.966,49
zrn-l-r095_s0,4682649,s5014158,ResNet18,CIFAR10,100,layerwise,SGDm,Lion,1e-3,1e-6,1,1,-15:-2.3026,zpool,na,0.95,0,100,100,91.18,89.93,99.45,0,node851,77,env,,0,30,36,60,90.518,51
mx-a1e4-add-s0,4682930,s5014158,ResNet18,CIFAR10,100,layerwise,SGDm,Lion,1e-3,1e-4,1,1,-15:-2.3026,additive,na,0.06,0,100,100,93.07,92.84,99.44,0,node882,31,env,,0,24,26,29,92.769,3
p6-r0-s0,4683389,s5014158,ResNet18,CIFAR10,100,layerwise,SGDm,Lion,1e-3,1e-3,1,1,-15:-2.3026,additive,na,0,0,100,100,92.39,92.16,98.09,0,node886,31,env,,0,18,20,24,92.067,6
zad-r0_s0,4683233,s5014158,ResNet18,CIFAR10,100,layerwise,SGDm,Lion,1e-3,1e-6,1,1,-15:-2.3026,additive,na,0,0,100,100,92.44,92.37,97.73,0,node882,31,env,,0,34,38,42,92.122,5
ad-l-r005_s0,4681155,s5014158,ResNet18,CIFAR10,100,layerwise,SGDm,Lion,1e-3,1e-6,1,1,-15:-2.3026,additive,na,0.05,0,100,100,93.37,92.77,99.55,0,node880,30,env,,0,37,39,42,93.04,3
p4-ad-r03,4681091,s5014158,ResNet18,CIFAR10,100,layerwise,SGDm,Lion,1e-3,1e-6,1,1,-15:-2.3026,additive,na,0.3,0,20,20,62.11,62.11,59.32,0,node885,6,env,,0,,,,28.215,0
zrn-l-r1_s0,4682653,s5014158,ResNet18,CIFAR10,100,layerwise,SGDm,Lion,1e-3,1e-6,1,1,-15:-2.3026,zpool,na,1,0,100,100,91.24,91.06,99.62,0,node851,77,env,,0,28,37,52,90.836,50
ms-layA-1e4-s0,4687174,s5014158,ResNet18,CIFAR10,100,layerwise,SGDm,Lion,1e-4,1e-3,1,1,-15:-2.3026,,na,na,0,100,100,93.21,92.8,99.79,0,node853,72,env,,0,23,30,40,92.879,16
mx-a1e3-add-s0,4682945,s5014158,ResNet18,CIFAR10,100,layerwise,SGDm,Lion,1e-3,1e-3,1,1,-15:-2.3026,additive,na,0.06,0,100,100,92.63,92.0,98.72,0,node868,37,env,,0,17,19,22,92.21,3
zad-r007_s0,4683232,s5014158,ResNet18,CIFAR10,100,layerwise,SGDm,Lion,1e-3,1e-6,1,1,-15:-2.3026,additive,na,0.07,0,100,100,93.36,92.96,99.82,0,node883,31,env,,0,34,39,41,93.183,3
zrn-l-r07_s1,4682655,s5014158,ResNet18,CIFAR10,100,layerwise,SGDm,Lion,1e-3,1e-6,1,1,-15:-2.3026,zpool,na,0.7,1,100,100,89.77,89.41,99.08,0,node851,76,env,,0,30,50,,89.313,25
ad-l-r007_s1,4681648,s5014158,ResNet18,CIFAR10,100,layerwise,SGDm,Lion,1e-3,1e-6,1,1,-15:-2.3026,additive,na,0.07,1,100,100,93.69,93.38,99.84,0,node885,31,env,,0,35,38,41,93.355,5
p6-r005-s1,4683394,s5014158,ResNet18,CIFAR10,100,layerwise,SGDm,Lion,1e-3,1e-3,1,1,-15:-2.3026,additive,na,0.05,1,100,100,92.47,92.05,98.65,0,node887,31,env,,0,18,20,22,92.122,4
p6-r006-s1,4683396,s5014158,ResNet18,CIFAR10,100,layerwise,SGDm,Lion,1e-3,1e-3,1,1,-15:-2.3026,additive,na,0.06,1,100,100,92.7,92.5,98.73,0,node883,31,env,,0,18,20,22,92.235,2
a0A-lplain-1e4_s1,4680912,s5014158,ResNet18,CIFAR10,100,layerwise,SGDm,Adam,1e-3,1e-4,1,1,-15:-2.3026,,na,na,1,100,100,91.2,90.78,99.8,0,node851,77,env,,0,15,25,40,90.839,67
ms-lay-1e4-s1,4687160,s5014158,ResNet18,CIFAR10,100,layerwise,SGDm,Lion,1e-4,1e-6,1,1,-15:-2.3026,,na,na,1,100,100,48.96,48.96,47.34,0,node851,77,env,,0,,,,42.633,0
p6-r03-s1,4683402,s5014158,ResNet18,CIFAR10,100,layerwise,SGDm,Lion,1e-3,1e-3,1,1,-15:-2.3026,additive,na,0.3,1,100,100,91.92,91.78,99.91,0,node885,31,env,,0,15,19,30,91.703,31
a0A-lsh01-1e3_s1,4680909,s5014158,ResNet18,CIFAR10,100,layerwise,SGDm,Adam,1e-3,1e-3,1,1,-15:-2.3026,shrink,0.1,na,1,100,100,92.31,91.84,97.93,0,node858,71,env,,0,12,13,17,91.881,18
ms-lay-1e5-s1,4687158,s5014158,ResNet18,CIFAR10,100,layerwise,SGDm,Lion,1e-5,1e-6,1,1,-15:-2.3026,,na,na,1,100,100,21.13,21.13,19.95,0,node851,76,env,,0,,,,20.398,0
zsx-l-r03_s1,4681827,s5014158,ResNet18,CIFAR10,100,layerwise,SGDm,Lion,1e-3,1e-6,1,1,-15:-2.3026,zpool,na,0.3,1,100,100,89.8,89.78,98.93,0,node859,72,env,,0,33,46,,89.504,25
ms-lay-3e5-s1,4687159,s5014158,ResNet18,CIFAR10,100,layerwise,SGDm,Lion,3e-5,1e-6,1,1,-15:-2.3026,,na,na,1,100,100,23.44,23.44,23.15,0,node886,31,env,,0,,,,22.661,0
zad-plain_s1,4683234,s5014158,ResNet18,CIFAR10,100,layerwise,SGDm,Lion,1e-3,1e-6,1,1,-15:-2.3026,,na,na,1,100,100,91.31,91.17,99.71,0,node880,31,env,,0,29,36,55,90.856,50
ms-lay-3e4-s1,4687161,s5014158,ResNet18,CIFAR10,100,layerwise,SGDm,Lion,3e-4,1e-6,1,1,-15:-2.3026,,na,na,1,100,100,90.69,90.69,98.79,0,node858,71,env,,0,62,71,88,89.785,22
zrn-l-r095_s1,4682659,s5014158,ResNet18,CIFAR10,100,layerwise,SGDm,Lion,1e-3,1e-6,1,1,-15:-2.3026,zpool,na,0.95,1,100,100,90.86,90.23,99.44,0,node851,78,env,,0,29,40,64,90.352,48
p6-r0-s1,4683390,s5014158,ResNet18,CIFAR10,100,layerwise,SGDm,Lion,1e-3,1e-3,1,1,-15:-2.3026,additive,na,0,1,100,100,92.34,91.94,98.14,0,node851,77,env,,0,18,21,23,92.135,6
ad-l-r005_s1,4681157,s5014158,ResNet18,CIFAR10,100,layerwise,SGDm,Lion,1e-3,1e-6,1,1,-15:-2.3026,additive,na,0.05,1,100,100,93.46,93.13,99.54,0,node880,30,env,,0,35,40,41,93.176,2
zad-r1_s1,4683235,s5014158,ResNet18,CIFAR10,100,layerwise,SGDm,Lion,1e-3,1e-6,1,1,-15:-2.3026,additive,na,1,1,100,100,91.36,90.65,99.53,0,node883,31,env,,0,29,36,54,90.795,51
zrn-l-r09_s1,4682657,s5014158,ResNet18,CIFAR10,100,layerwise,SGDm,Lion,1e-3,1e-6,1,1,-15:-2.3026,zpool,na,0.9,1,100,100,90.69,90.2,99.53,0,node859,72,env,,0,29,40,73,90.344,46
ad-l-r0_s1,4681042,s5014158,ResNet18,CIFAR10,100,layerwise,SGDm,Lion,1e-3,1e-6,1,1,-15:-2.3026,additive,na,0,1,100,100,92.59,92.13,97.89,0,node886,31,env,,0,35,38,41,92.229,5
ms-layA-1e4-s1,4687176,s5014158,ResNet18,CIFAR10,100,layerwise,SGDm,Lion,1e-4,1e-3,1,1,-15:-2.3026,,na,na,1,100,100,93.27,92.77,99.74,0,node858,71,env,,0,25,34,42,92.909,15
g4-sgdmAdam-layer_s1,4680747,s5014158,ResNet18,CIFAR10,100,layerwise,SGDm,Adam,1e-3,1e-6,1,1,-15:-2.3026,,na,na,1,100,100,90.86,90.55,99.75,0,node881,31,env,,0,15,26,60,90.289,61
zsx-l-r01_s1,4681825,s5014158,ResNet18,CIFAR10,100,layerwise,SGDm,Lion,1e-3,1e-6,1,1,-15:-2.3026,zpool,na,0.1,1,100,100,89.75,89.4,98.58,0,node859,72,env,,0,34,52,,89.363,24
a0A-lsh01-1e4_s1,4680913,s5014158,ResNet18,CIFAR10,100,layerwise,SGDm,Adam,1e-3,1e-4,1,1,-15:-2.3026,shrink,0.1,na,1,100,100,92.13,91.7,98.01,0,node851,76,env,,0,14,14,17,91.837,15
ad-l-r02_s1,4681158,s5014158,ResNet18,CIFAR10,100,layerwise,SGDm,Lion,1e-3,1e-6,1,1,-15:-2.3026,additive,na,0.2,1,100,100,91.9,91.75,99.67,0,node881,30,env,,0,32,36,43,91.544,23
p6-r003-s1,4683392,s5014158,ResNet18,CIFAR10,100,layerwise,SGDm,Lion,1e-3,1e-3,1,1,-15:-2.3026,additive,na,0.03,1,100,100,92.48,91.61,98.41,0,node887,32,env,,0,17,20,23,92.105,4
a0A-lplain-1e3_s1,4680908,s5014158,ResNet18,CIFAR10,100,layerwise,SGDm,Adam,1e-3,1e-3,1,1,-15:-2.3026,,na,na,1,100,100,91.63,91.54,99.88,0,node859,71,env,,0,12,20,36,91.26,49
mx-a1e3-layer-s1,4682947,s5014158,ResNet18,CIFAR10,100,layerwise,SGDm,Lion,1e-3,1e-3,1,1,-15:-2.3026,,na,na,1,100,100,91.69,91.16,99.91,0,node868,37,env,,0,15,23,38,91.249,44
zad-r007_s1,4683236,s5014158,ResNet18,CIFAR10,100,layerwise,SGDm,Lion,1e-3,1e-6,1,1,-15:-2.3026,additive,na,0.07,1,100,100,93.56,93.43,99.85,0,node880,31,env,,0,35,39,41,93.389,3
mx-a1e4-layer-s1,4682932,s5014158,ResNet18,CIFAR10,100,layerwise,SGDm,Lion,1e-3,1e-4,1,1,-15:-2.3026,,na,na,1,100,100,91.27,91.08,99.75,0,node866,41,env,,0,18,29,49,90.841,58
mx-a1e3-add-s1,4682948,s5014158,ResNet18,CIFAR10,100,layerwise,SGDm,Lion,1e-3,1e-3,1,1,-15:-2.3026,additive,na,0.06,1,100,100,92.41,91.71,98.82,0,node887,31,env,,0,18,20,22,92.053,1
p6-r1-s1,4683404,s5014158,ResNet18,CIFAR10,100,layerwise,SGDm,Lion,1e-3,1e-3,1,1,-15:-2.3026,additive,na,1,1,100,100,91.42,91.42,99.92,0,node887,31,env,,0,15,23,44,91.119,56
ad-l-r003_s1,4681043,s5014158,ResNet18,CIFAR10,100,layerwise,SGDm,Lion,1e-3,1e-6,1,1,-15:-2.3026,additive,na,0.03,1,100,100,93.13,92.74,98.91,0,node880,31,env,,0,36,39,40,92.858,2
ms-layA-1e3-s1,4687177,s5014158,ResNet18,CIFAR10,100,layerwise,SGDm,Lion,1e-3,1e-3,1,1,-15:-2.3026,,na,na,1,100,100,91.3,91.3,99.94,0,node887,31,env,,0,16,26,44,91.005,51
p6-r01-s1,4683400,s5014158,ResNet18,CIFAR10,100,layerwise,SGDm,Lion,1e-3,1e-3,1,1,-15:-2.3026,additive,na,0.1,1,100,100,92.66,92.47,99.38,0,node851,77,env,,0,16,20,21,92.395,2
zad-r0_s1,4683237,s5014158,ResNet18,CIFAR10,100,layerwise,SGDm,Lion,1e-3,1e-6,1,1,-15:-2.3026,additive,na,0,1,100,100,92.47,92.47,97.81,0,node883,31,env,,0,35,38,41,92.284,5
mx-a1e4-add-s1,4682933,s5014158,ResNet18,CIFAR10,100,layerwise,SGDm,Lion,1e-3,1e-4,1,1,-15:-2.3026,additive,na,0.06,1,100,100,93.06,92.72,99.47,0,node880,30,env,,0,25,26,28,92.654,1
zsx-l-r0_s1,4681823,s5014158,ResNet18,CIFAR10,100,layerwise,SGDm,Lion,1e-3,1e-6,1,1,-15:-2.3026,zpool,na,0,1,100,100,87.96,87.95,93.97,0,node851,77,env,,0,34,,,87.705,0
ad-l-r03_s1,4681045,s5014158,ResNet18,CIFAR10,100,layerwise,SGDm,Lion,1e-3,1e-6,1,1,-15:-2.3026,additive,na,0.3,1,100,100,91.43,91.26,99.72,0,node886,30,env,,0,31,36,53,91.032,46
p6-r007-s1,4683398,s5014158,ResNet18,CIFAR10,100,layerwise,SGDm,Lion,1e-3,1e-3,1,1,-15:-2.3026,additive,na,0.07,1,100,100,92.41,92.19,99.1,0,node858,71,env,,0,17,20,22,92.173,2
ad-l-r01_s1,4681044,s5014158,ResNet18,CIFAR10,100,layerwise,SGDm,Lion,1e-3,1e-6,1,1,-15:-2.3026,additive,na,0.1,1,100,100,93.03,92.93,99.89,0,node880,30,env,,0,33,36,41,92.826,5
zad-plain_s2,4683238,s5014158,ResNet18,CIFAR10,100,layerwise,SGDm,Lion,1e-3,1e-6,1,1,-15:-2.3026,,na,na,2,100,100,91.33,91.25,99.57,0,node851,78,env,,0,28,35,58,90.977,46
ms-layA-1e3-s2,4687179,s5014158,ResNet18,CIFAR10,100,layerwise,SGDm,Lion,1e-3,1e-3,1,1,-15:-2.3026,,na,na,2,100,100,91.62,91.62,99.88,0,node886,31,env,,0,14,24,36,91.261,51
mx-a1e3-layer-s2,4682950,s5014158,ResNet18,CIFAR10,100,layerwise,SGDm,Lion,1e-3,1e-3,1,1,-15:-2.3026,,na,na,2,100,100,91.5,91.36,99.91,0,node851,76,env,,0,14,24,39,91.236,49
mx-a1e4-layer-s2,4682935,s5014158,ResNet18,CIFAR10,100,layerwise,SGDm,Lion,1e-3,1e-4,1,1,-15:-2.3026,,na,na,2,100,100,91.17,91.09,99.74,0,node883,30,env,,0,20,26,46,90.895,59
ms-lay-1e4-s2,4687164,s5014158,ResNet18,CIFAR10,100,layerwise,SGDm,Lion,1e-4,1e-6,1,1,-15:-2.3026,,na,na,2,100,100,48.02,48.02,46.99,0,node886,31,env,,0,,,,42.305,0
ms-lay-3e4-s2,4687165,s5014158,ResNet18,CIFAR10,100,layerwise,SGDm,Lion,3e-4,1e-6,1,1,-15:-2.3026,,na,na,2,100,100,90.59,90.36,98.63,0,node886,31,env,,0,61,71,82,90.105,23
mx-a1e3-add-s2,4682951,s5014158,ResNet18,CIFAR10,100,layerwise,SGDm,Lion,1e-3,1e-3,1,1,-15:-2.3026,additive,na,0.06,2,100,100,92.72,92.12,98.94,0,node883,31,env,,0,18,20,23,92.254,3
ad-l-r0_s2,4681161,s5014158,ResNet18,CIFAR10,100,layerwise,SGDm,Lion,1e-3,1e-6,1,1,-15:-2.3026,additive,na,0,2,100,100,92.5,92.43,97.78,0,node880,30,env,,0,36,38,42,92.15,8
ms-layA-1e4-s2,4687178,s5014158,ResNet18,CIFAR10,100,layerwise,SGDm,Lion,1e-4,1e-3,1,1,-15:-2.3026,,na,na,2,100,100,93.15,92.67,99.75,0,node858,71,env,,0,25,29,42,92.828,15
ad-l-r005_s2,4681159,s5014158,ResNet18,CIFAR10,100,layerwise,SGDm,Lion,1e-3,1e-6,1,1,-15:-2.3026,additive,na,0.05,2,100,100,93.48,93.01,99.55,0,node885,30,env,,0,37,39,41,93.07,4
ms-lay-1e5-s2,4687162,s5014158,ResNet18,CIFAR10,100,layerwise,SGDm,Lion,1e-5,1e-6,1,1,-15:-2.3026,,na,na,2,100,100,18.06,17.81,17.93,0,node858,71,env,,0,,,,17.268,0
g4-sgdmAdam-layer_s2,4680752,s5014158,ResNet18,CIFAR10,100,layerwise,SGDm,Adam,1e-3,1e-6,1,1,-15:-2.3026,,na,na,2,100,100,90.74,90.28,99.7,0,node885,31,env,,0,15,27,59,90.331,62
ad-l-r007_s2,4681649,s5014158,ResNet18,CIFAR10,100,layerwise,SGDm,Lion,1e-3,1e-6,1,1,-15:-2.3026,additive,na,0.07,2,100,100,93.55,93.45,99.82,0,node880,30,env,,0,35,39,42,93.305,4
ad-l-r01_s2,4681150,s5014158,ResNet18,CIFAR10,100,layerwise,SGDm,Lion,1e-3,1e-6,1,1,-15:-2.3026,additive,na,0.1,2,100,100,92.91,92.88,99.86,0,node885,31,env,,0,32,38,40,92.673,5
mx-a1e4-add-s2,4682936,s5014158,ResNet18,CIFAR10,100,layerwise,SGDm,Lion,1e-3,1e-4,1,1,-15:-2.3026,additive,na,0.06,2,100,100,92.96,92.65,99.44,0,node880,30,env,,0,26,28,29,92.667,2
ad-l-r02_s2,4681160,s5014158,ResNet18,CIFAR10,100,layerwise,SGDm,Lion,1e-3,1e-6,1,1,-15:-2.3026,additive,na,0.2,2,100,100,91.63,91.63,99.64,0,node885,31,env,,0,32,36,46,91.269,35
zad-r0_s2,4683241,s5014158,ResNet18,CIFAR10,100,layerwise,SGDm,Lion,1e-3,1e-6,1,1,-15:-2.3026,additive,na,0,2,100,100,92.73,92.61,97.8,0,node858,71,env,,0,36,38,42,92.361,6
zad-r1_s2,4683239,s5014158,ResNet18,CIFAR10,100,layerwise,SGDm,Lion,1e-3,1e-6,1,1,-15:-2.3026,additive,na,1,2,100,100,91.39,91.12,99.67,0,node858,71,env,,0,28,36,56,90.877,47
zad-r007_s2,4683240,s5014158,ResNet18,CIFAR10,100,layerwise,SGDm,Lion,1e-3,1e-6,1,1,-15:-2.3026,additive,na,0.07,2,100,100,93.24,92.97,99.84,0,node851,78,env,,0,34,38,41,92.94,5
ad-l-r03_s2,4681162,s5014158,ResNet18,CIFAR10,100,layerwise,SGDm,Lion,1e-3,1e-6,1,1,-15:-2.3026,additive,na,0.3,2,100,100,91.3,91.3,99.67,0,node880,30,env,,0,30,36,58,90.874,48
ad-l-r003_s2,4681149,s5014158,ResNet18,CIFAR10,100,layerwise,SGDm,Lion,1e-3,1e-6,1,1,-15:-2.3026,additive,na,0.03,2,100,100,92.84,92.73,98.9,0,node881,30,env,,0,38,38,41,92.498,5
hs-l-lam01_s2,4680965,s5014158,ResNet18,CIFAR10,100,layerwise,SGDm,Lion,1e-3,1e-6,1,1,-15:-2.3026,shrink,0.1,na,2,100,100,92.5,92.35,97.76,0,node886,31,env,,0,36,38,41,92.201,7
ms-lay-3e5-s2,4687163,s5014158,ResNet18,CIFAR10,100,layerwise,SGDm,Lion,3e-5,1e-6,1,1,-15:-2.3026,,na,na,2,100,100,21.94,21.92,22.43,0,node887,31,env,,0,,,,20.874,0
mx-a1e4-layer-s3,4682938,s5014158,ResNet18,CIFAR10,100,layerwise,SGDm,Lion,1e-3,1e-4,1,1,-15:-2.3026,,na,na,3,100,100,91.23,91.14,99.78,0,node851,76,env,,0,20,29,50,90.868,55
ad-l-r003_s3,4681151,s5014158,ResNet18,CIFAR10,100,layerwise,SGDm,Lion,1e-3,1e-6,1,1,-15:-2.3026,additive,na,0.03,3,100,100,92.84,92.42,98.92,0,node885,30,env,,0,36,40,40,92.508,2
ad-l-r007_s3,4681790,s5014158,ResNet18,CIFAR10,100,layerwise,SGDm,Lion,1e-3,1e-6,1,1,-15:-2.3026,additive,na,0.07,3,100,100,93.29,93.22,99.84,0,node880,32,env,,0,34,38,41,93.088,3
mx-a1e3-layer-s3,4682953,s5014158,ResNet18,CIFAR10,100,layerwise,SGDm,Lion,1e-3,1e-3,1,1,-15:-2.3026,,na,na,3,100,100,91.43,91.43,99.86,0,node859,71,env,,0,16,25,41,91.111,46
ms-lay-3e4-s3,4687169,s5014158,ResNet18,CIFAR10,100,layerwise,SGDm,Lion,3e-4,1e-6,1,1,-15:-2.3026,,na,na,3,100,100,90.68,90.47,98.81,0,node858,72,env,,0,62,70,88,89.878,25
mx-a1e4-add-s3,4682939,s5014158,ResNet18,CIFAR10,100,layerwise,SGDm,Lion,1e-3,1e-4,1,1,-15:-2.3026,additive,na,0.06,3,100,100,93.02,92.58,99.48,0,node859,75,env,,0,25,26,29,92.727,2
h2A-l-plain_s3,4680972,s5014158,ResNet18,CIFAR10,100,layerwise,SGDm,Adam,1e-3,1e-6,1,1,-15:-2.3026,,na,na,3,100,100,90.57,90.16,99.7,0,node886,30,env,,0,16,29,61,90.191,60
mx-a1e3-add-s3,4682954,s5014158,ResNet18,CIFAR10,100,layerwise,SGDm,Lion,1e-3,1e-3,1,1,-15:-2.3026,additive,na,0.06,3,100,100,92.45,91.95,98.84,0,node881,30,env,,0,17,20,21,91.953,7
ms-lay-1e4-s3,4687168,s5014158,ResNet18,CIFAR10,100,layerwise,SGDm,Lion,1e-4,1e-6,1,1,-15:-2.3026,,na,na,3,100,100,47.23,47.23,45.77,0,node851,77,env,,0,,,,41.942,0
h2A-l-L0p1_s3,4680970,s5014158,ResNet18,CIFAR10,100,layerwise,SGDm,Adam,1e-3,1e-6,1,1,-15:-2.3026,shrink,0.1,na,3,100,100,92.28,91.44,98.06,0,node881,30,env,,0,16,17,21,91.837,18
h2-base_s3,4680968,s5014158,ResNet18,CIFAR10,100,layerwise,SGDm,Lion,1e-3,1e-6,1,1,-15:-2.3026,,na,na,3,100,100,90.74,90.46,99.59,0,node887,31,env,,0,30,40,55,90.419,53
ad-l-r005_s3,4681645,s5014158,ResNet18,CIFAR10,100,layerwise,SGDm,Lion,1e-3,1e-6,1,1,-15:-2.3026,additive,na,0.05,3,100,100,93.47,93.02,99.63,0,node886,31,env,,0,36,39,42,92.958,3
ms-lay-1e5-s3,4687166,s5014158,ResNet18,CIFAR10,100,layerwise,SGDm,Lion,1e-5,1e-6,1,1,-15:-2.3026,,na,na,3,100,100,21.59,21.49,21.58,0,node887,31,env,,0,,,,21.197,0
ms-lay-3e5-s3,4687167,s5014158,ResNet18,CIFAR10,100,layerwise,SGDm,Lion,3e-5,1e-6,1,1,-15:-2.3026,,na,na,3,100,100,23.9,23.9,24.39,0,node886,31,env,,0,,,,22.743,0
ad-l-r01_s3,4681152,s5014158,ResNet18,CIFAR10,100,layerwise,SGDm,Lion,1e-3,1e-6,1,1,-15:-2.3026,additive,na,0.1,3,100,100,92.8,92.48,99.89,0,node881,31,env,,0,32,37,39,92.543,4
hs-l-lam01_s3,4680966,s5014158,ResNet18,CIFAR10,100,layerwise,SGDm,Lion,1e-3,1e-6,1,1,-15:-2.3026,shrink,0.1,na,3,100,100,92.65,92.11,97.79,0,node885,31,env,,0,36,39,41,92.349,5
ms-lay-3e4-s4,4687173,s5014158,ResNet18,CIFAR10,100,layerwise,SGDm,Lion,3e-4,1e-6,1,1,-15:-2.3026,,na,na,4,100,100,90.29,90.15,98.78,0,node851,77,env,,0,63,70,93,89.676,21
mx-a1e3-layer-s4,4682956,s5014158,ResNet18,CIFAR10,100,layerwise,SGDm,Lion,1e-3,1e-3,1,1,-15:-2.3026,,na,na,4,100,100,91.03,90.92,99.87,0,node851,77,env,,0,15,25,37,90.713,67
mx-a1e4-layer-s4,4682941,s5014158,ResNet18,CIFAR10,100,layerwise,SGDm,Lion,1e-3,1e-4,1,1,-15:-2.3026,,na,na,4,100,100,90.79,90.69,99.82,0,node880,30,env,,0,20,29,57,90.462,57
ad-l-r003_s4,4681153,s5014158,ResNet18,CIFAR10,100,layerwise,SGDm,Lion,1e-3,1e-6,1,1,-15:-2.3026,additive,na,0.03,4,100,100,93.12,92.59,98.95,0,node880,31,env,,0,35,39,41,92.765,4
ms-lay-1e5-s4,4687170,s5014158,ResNet18,CIFAR10,100,layerwise,SGDm,Lion,1e-5,1e-6,1,1,-15:-2.3026,,na,na,4,100,100,19.44,19.44,20.29,0,node859,71,env,,0,,,,18.71,0
hs-l-lam01_s4,4680967,s5014158,ResNet18,CIFAR10,100,layerwise,SGDm,Lion,1e-3,1e-6,1,1,-15:-2.3026,shrink,0.1,na,4,100,100,92.57,92.03,97.64,0,node887,31,env,,0,35,38,42,92.296,7
ad-l-r01_s4,4681154,s5014158,ResNet18,CIFAR10,100,layerwise,SGDm,Lion,1e-3,1e-6,1,1,-15:-2.3026,additive,na,0.1,4,100,100,92.56,92.31,99.88,0,node882,31,env,,0,34,38,42,92.296,8
ms-lay-3e5-s4,4687171,s5014158,ResNet18,CIFAR10,100,layerwise,SGDm,Lion,3e-5,1e-6,1,1,-15:-2.3026,,na,na,4,100,100,22.59,22.56,23.34,0,node858,71,env,,0,,,,21.57,0
mx-a1e3-add-s4,4682957,s5014158,ResNet18,CIFAR10,100,layerwise,SGDm,Lion,1e-3,1e-3,1,1,-15:-2.3026,additive,na,0.06,4,100,100,92.57,92.16,98.58,0,node858,71,env,,0,19,19,22,92.127,4
ms-lay-1e4-s4,4687172,s5014158,ResNet18,CIFAR10,100,layerwise,SGDm,Lion,1e-4,1e-6,1,1,-15:-2.3026,,na,na,4,100,100,47.89,47.89,46.22,0,node886,31,env,,0,,,,42.234,0
h2-base_s4,4680969,s5014158,ResNet18,CIFAR10,100,layerwise,SGDm,Lion,1e-3,1e-6,1,1,-15:-2.3026,,na,na,4,100,100,91.04,90.62,99.66,0,node882,31,env,,0,31,34,63,90.465,48
mx-a1e4-add-s4,4682942,s5014158,ResNet18,CIFAR10,100,layerwise,SGDm,Lion,1e-3,1e-4,1,1,-15:-2.3026,additive,na,0.06,4,100,100,93.07,92.67,99.47,0,node868,38,env,,0,25,27,29,92.783,1
h2A-l-L0p1_s4,4680971,s5014158,ResNet18,CIFAR10,100,layerwise,SGDm,Adam,1e-3,1e-6,1,1,-15:-2.3026,shrink,0.1,na,4,100,100,92.47,92.19,97.84,0,node881,30,env,,0,15,16,18,92.175,15
h2A-l-plain_s4,4680973,s5014158,ResNet18,CIFAR10,100,layerwise,SGDm,Adam,1e-3,1e-6,1,1,-15:-2.3026,,na,na,4,100,100,90.77,90.6,99.79,0,node881,30,env,,0,15,28,67,90.191,59
ad-l-r005_s4,4681646,s5014158,ResNet18,CIFAR10,100,layerwise,SGDm,Lion,1e-3,1e-6,1,1,-15:-2.3026,additive,na,0.05,4,100,100,93.51,92.9,99.61,0,node881,30,env,,0,35,39,42,93.188,5
ad-l-r007_s4,4681791,s5014158,ResNet18,CIFAR10,100,layerwise,SGDm,Lion,1e-3,1e-6,1,1,-15:-2.3026,additive,na,0.07,4,100,100,93.36,93.01,99.88,0,node885,31,env,,0,35,39,42,93.051,6
gp-node-r0-s0,4685191,s5014158,ResNet18,CIFAR10,100,nodewise,SGDm,Lion,1e-3,1e-6,1,1,-15:-2.3026,additive,na,0,0,100,100,92.52,92.52,97.5,0,node851,93,env,,0,50,60,64,91.984,13
gc-node-s0,4687222,s5014158,ResNet18,CIFAR10,100,nodewise,SGDm,Lion,1e-3,1e-3,1,1,-15:-2.3026,additive,na,0,0,100,100,93.35,92.97,99.07,0,node851,93,env,,0,20,26,42,93.032,10
gp-node-r006-s0,4685197,s5014158,ResNet18,CIFAR10,100,nodewise,SGDm,Lion,1e-3,1e-6,1,1,-15:-2.3026,additive,na,0.06,0,100,100,93.34,93.3,99.55,0,node881,45,env,,0,50,53,63,92.752,8
p2-node-L1p0,4681050,s5014158,ResNet18,CIFAR10,100,nodewise,SGDm,Lion,1e-3,1e-6,1,1,-15:-2.3026,shrink,1.0,na,0,20,20,33.03,33.03,31.56,0,node887,9,env,,0,,,,18.766,0
gp-node-r02-s0,4685203,s5014158,ResNet18,CIFAR10,100,nodewise,SGDm,Lion,1e-3,1e-6,1,1,-15:-2.3026,additive,na,0.2,0,100,100,92.41,92.4,99.73,0,node858,88,env,,0,43,51,57,92.006,23
gp-node-r003-s0,4685194,s5014158,ResNet18,CIFAR10,100,nodewise,SGDm,Lion,1e-3,1e-6,1,1,-15:-2.3026,additive,na,0.03,0,100,100,93.14,92.63,98.32,0,node885,45,env,,0,52,56,64,92.67,8
gp-node-r1-s0,4685206,s5014158,ResNet18,CIFAR10,100,nodewise,SGDm,Lion,1e-3,1e-6,1,1,-15:-2.3026,additive,na,1,0,100,100,92.17,91.95,99.85,0,node887,44,env,,0,30,35,44,91.883,16
gp-node-r01-s0,4685200,s5014158,ResNet18,CIFAR10,100,nodewise,SGDm,Lion,1e-3,1e-6,1,1,-15:-2.3026,additive,na,0.1,0,100,100,93.14,93.13,99.77,0,node851,93,env,,0,49,56,57,92.631,14
gp-node-r0-s1,4685192,s5014158,ResNet18,CIFAR10,100,nodewise,SGDm,Lion,1e-3,1e-6,1,1,-15:-2.3026,additive,na,0,1,100,100,92.72,92.05,97.4,0,node859,87,env,,0,48,58,69,92.086,14
gp-node-r003-s1,4685195,s5014158,ResNet18,CIFAR10,100,nodewise,SGDm,Lion,1e-3,1e-6,1,1,-15:-2.3026,additive,na,0.03,1,100,100,93.07,92.93,98.45,0,node887,44,env,,0,49,56,62,92.581,10
gp-node-r01-s1,4685201,s5014158,ResNet18,CIFAR10,100,nodewise,SGDm,Lion,1e-3,1e-6,1,1,-15:-2.3026,additive,na,0.1,1,100,100,93.36,93.25,99.76,0,node887,44,env,,0,46,55,61,92.777,11
gp-node-r1-s1,4685207,s5014158,ResNet18,CIFAR10,100,nodewise,SGDm,Lion,1e-3,1e-6,1,1,-15:-2.3026,additive,na,1,1,100,100,91.81,91.59,99.67,0,node887,44,env,,0,30,36,47,91.549,26
gp-node-r02-s1,4685204,s5014158,ResNet18,CIFAR10,100,nodewise,SGDm,Lion,1e-3,1e-6,1,1,-15:-2.3026,additive,na,0.2,1,100,100,92.46,92.33,99.59,0,node859,87,env,,0,43,52,61,91.921,14
gc-node-s1,4687224,s5014158,ResNet18,CIFAR10,100,nodewise,SGDm,Lion,1e-3,1e-3,1,1,-15:-2.3026,additive,na,0,1,100,100,93.46,92.95,99.02,0,node885,46,env,,0,21,29,38,93.118,10
gp-node-r006-s1,4685198,s5014158,ResNet18,CIFAR10,100,nodewise,SGDm,Lion,1e-3,1e-6,1,1,-15:-2.3026,additive,na,0.06,1,100,100,93.36,93.36,99.48,0,node858,87,env,,0,46,53,61,92.848,8
gp-node-r006-s2,4685199,s5014158,ResNet18,CIFAR10,100,nodewise,SGDm,Lion,1e-3,1e-6,1,1,-15:-2.3026,additive,na,0.06,2,100,100,93.41,92.89,99.47,0,node858,87,env,,0,49,56,64,92.791,9
gp-node-r003-s2,4685196,s5014158,ResNet18,CIFAR10,100,nodewise,SGDm,Lion,1e-3,1e-6,1,1,-15:-2.3026,additive,na,0.03,2,100,100,93.05,92.51,98.36,0,node887,44,env,,0,52,58,64,92.492,12
gp-node-r01-s2,4685202,s5014158,ResNet18,CIFAR10,100,nodewise,SGDm,Lion,1e-3,1e-6,1,1,-15:-2.3026,additive,na,0.1,2,100,100,92.97,92.74,99.66,0,node858,88,env,,0,49,58,61,92.411,12
gc-node-s2,4687226,s5014158,ResNet18,CIFAR10,100,nodewise,SGDm,Lion,1e-3,1e-3,1,1,-15:-2.3026,additive,na,0,2,100,100,93.34,93.1,99.07,0,node858,87,env,,0,22,31,43,93.103,12
gp-node-r0-s2,4685193,s5014158,ResNet18,CIFAR10,100,nodewise,SGDm,Lion,1e-3,1e-6,1,1,-15:-2.3026,additive,na,0,2,100,100,92.59,92.18,97.68,0,node858,87,env,,0,50,60,69,91.881,12
gp-node-r02-s2,4685205,s5014158,ResNet18,CIFAR10,100,nodewise,SGDm,Lion,1e-3,1e-6,1,1,-15:-2.3026,additive,na,0.2,2,100,100,92.39,92.27,99.59,0,node885,45,env,,0,45,53,60,91.818,18
gp-node-r1-s2,4685208,s5014158,ResNet18,CIFAR10,100,nodewise,SGDm,Lion,1e-3,1e-6,1,1,-15:-2.3026,additive,na,1,2,100,100,91.81,91.8,99.78,0,node851,93,env,,0,30,36,47,91.538,29
gc-node-s3,4687228,s5014158,ResNet18,CIFAR10,100,nodewise,SGDm,Lion,1e-3,1e-3,1,1,-15:-2.3026,additive,na,0,3,100,100,93.23,93.06,99.05,0,node851,93,env,,0,23,32,43,92.947,13
gc-node-s4,4687230,s5014158,ResNet18,CIFAR10,100,nodewise,SGDm,Lion,1e-3,1e-3,1,1,-15:-2.3026,additive,na,0,4,100,100,93.47,93.23,99.07,0,node851,92,env,,0,23,31,40,93.176,13
a0A-blk6-1e6_s0,4680915,s5014158,ResNet18,CIFAR10,100,resnet18_blocks,SGDm,Adam,1e-3,1e-6,1,1,-15:-2.3026,,na,na,0,100,100,91.3,90.92,99.04,0,node851,85,env,,0,15,20,31,90.916,75
gp-blk6-r0-s0,4685227,s5014158,ResNet18,CIFAR10,100,resnet18_blocks,SGDm,Lion,1e-3,1e-6,1,1,-15:-2.3026,additive,na,0,0,100,100,92.04,91.77,99.39,0,node858,84,env,,0,31,41,49,91.655,18
a0A-blk6-1e4_s0,4680903,s5014158,ResNet18,CIFAR10,100,resnet18_blocks,SGDm,Adam,1e-3,1e-4,1,1,-15:-2.3026,,na,na,0,100,100,91.42,91.22,99.16,0,node851,85,env,,0,13,19,29,91.216,44
g4-sgdmLion-blk6_s0,4680739,s5014158,ResNet18,CIFAR10,100,resnet18_blocks,SGDm,Lion,1e-3,1e-6,1,1,-15:-2.3026,,na,na,0,100,100,91.82,91.73,99.06,0,node851,85,env,,0,29,35,42,91.528,21
gp-blk6-r02-s0,4685233,s5014158,ResNet18,CIFAR10,100,resnet18_blocks,SGDm,Lion,1e-3,1e-6,1,1,-15:-2.3026,additive,na,0.2,0,100,100,91.6,91.58,99.37,0,node858,85,env,,0,31,38,48,91.439,19
gp-blk6-r1-s0,4685236,s5014158,ResNet18,CIFAR10,100,resnet18_blocks,SGDm,Lion,1e-3,1e-6,1,1,-15:-2.3026,additive,na,1,0,100,100,92.04,91.88,99.1,0,node859,84,env,,0,30,36,44,91.746,16
p2-blk6-L1p0,4681048,s5014158,ResNet18,CIFAR10,100,resnet18_blocks,SGDm,Lion,1e-3,1e-6,1,1,-15:-2.3026,shrink,1.0,na,0,20,20,68.45,68.45,66.63,0,node881,8,env,,0,,,,31.783,0
a0A-blk6-1e3_s0,4680899,s5014158,ResNet18,CIFAR10,100,resnet18_blocks,SGDm,Adam,1e-3,1e-3,1,1,-15:-2.3026,,na,na,0,100,100,91.5,91.21,99.1,0,node851,84,env,,0,14,18,30,91.265,44
g4-sgdmAdam-blk6_s0,4680741,s5014158,ResNet18,CIFAR10,100,resnet18_blocks,SGDm,Adam,1e-3,1e-6,1,1,-15:-2.3026,,na,na,0,100,100,91.06,90.83,99.05,0,node885,42,env,,0,15,19,33,90.786,76
gp-blk6-r006-s0,4685230,s5014158,ResNet18,CIFAR10,100,resnet18_blocks,SGDm,Lion,1e-3,1e-6,1,1,-15:-2.3026,additive,na,0.06,0,100,100,91.84,91.46,99.44,0,node859,84,env,,0,32,38,50,91.49,24
gp-blk6-r1-s1,4685237,s5014158,ResNet18,CIFAR10,100,resnet18_blocks,SGDm,Lion,1e-3,1e-6,1,1,-15:-2.3026,additive,na,1,1,100,100,91.38,91.01,99.02,0,node883,41,env,,0,30,36,43,91.12,39
g4-sgdmAdam-blk6_s1,4680746,s5014158,ResNet18,CIFAR10,100,resnet18_blocks,SGDm,Adam,1e-3,1e-6,1,1,-15:-2.3026,,na,na,1,100,100,90.82,90.66,99.11,0,node880,42,env,,0,16,21,41,90.519,72
a0A-blk6-1e4_s1,4680911,s5014158,ResNet18,CIFAR10,100,resnet18_blocks,SGDm,Adam,1e-3,1e-4,1,1,-15:-2.3026,,na,na,1,100,100,91.24,91.02,99.35,0,node858,84,env,,0,15,21,31,90.958,65
gp-blk6-r006-s1,4685231,s5014158,ResNet18,CIFAR10,100,resnet18_blocks,SGDm,Lion,1e-3,1e-6,1,1,-15:-2.3026,additive,na,0.06,1,100,100,92.03,91.99,99.53,0,node882,42,env,,0,31,40,50,91.74,17
a0A-blk6-1e3_s1,4680907,s5014158,ResNet18,CIFAR10,100,resnet18_blocks,SGDm,Adam,1e-3,1e-3,1,1,-15:-2.3026,,na,na,1,100,100,91.22,90.94,99.28,0,node851,85,env,,0,15,20,30,90.993,69
gp-blk6-r02-s1,4685234,s5014158,ResNet18,CIFAR10,100,resnet18_blocks,SGDm,Lion,1e-3,1e-6,1,1,-15:-2.3026,additive,na,0.2,1,100,100,91.68,91.5,99.45,0,node858,85,env,,0,30,39,47,91.508,20
gp-blk6-r0-s1,4685228,s5014158,ResNet18,CIFAR10,100,resnet18_blocks,SGDm,Lion,1e-3,1e-6,1,1,-15:-2.3026,additive,na,0,1,100,100,92.1,91.91,99.38,0,node883,41,env,,0,30,41,50,91.797,19
g4-sgdmLion-blk6_s1,4680744,s5014158,ResNet18,CIFAR10,100,resnet18_blocks,SGDm,Lion,1e-3,1e-6,1,1,-15:-2.3026,,na,na,1,100,100,91.53,91.18,99.05,0,node851,88,env,,0,30,36,45,91.22,33
gp-blk6-r02-s2,4685235,s5014158,ResNet18,CIFAR10,100,resnet18_blocks,SGDm,Lion,1e-3,1e-6,1,1,-15:-2.3026,additive,na,0.2,2,100,100,91.8,91.62,99.39,0,node881,42,env,,0,30,39,52,91.515,18
gp-blk6-r006-s2,4685232,s5014158,ResNet18,CIFAR10,100,resnet18_blocks,SGDm,Lion,1e-3,1e-6,1,1,-15:-2.3026,additive,na,0.06,2,100,100,91.68,91.68,99.42,0,node851,85,env,,0,32,39,46,91.273,32
gp-blk6-r0-s2,4685229,s5014158,ResNet18,CIFAR10,100,resnet18_blocks,SGDm,Lion,1e-3,1e-6,1,1,-15:-2.3026,additive,na,0,2,100,100,92.06,92.06,99.38,0,node881,42,env,,0,32,41,49,91.737,21
g4-sgdmAdam-blk6_s2,4680751,s5014158,ResNet18,CIFAR10,100,resnet18_blocks,SGDm,Adam,1e-3,1e-6,1,1,-15:-2.3026,,na,na,2,100,100,90.95,90.95,99.13,0,node882,42,env,,0,15,21,52,90.624,74
gp-blk6-r1-s2,4685238,s5014158,ResNet18,CIFAR10,100,resnet18_blocks,SGDm,Lion,1e-3,1e-6,1,1,-15:-2.3026,additive,na,1,2,100,100,91.68,91.68,99.12,0,node885,42,env,,0,30,38,45,91.355,31
g4-sgdmLion-blk6_s2,4680749,s5014158,ResNet18,CIFAR10,100,resnet18_blocks,SGDm,Lion,1e-3,1e-6,1,1,-15:-2.3026,,na,na,2,100,100,91.56,91.35,99.16,0,node851,85,env,,0,30,38,45,91.136,34
gc-blk6-s3,4687232,s5014158,ResNet18,CIFAR10,100,resnet18_blocks,SGDm,Lion,1e-3,1e-3,1,1,-15:-2.3026,additive,na,0,3,100,100,92.28,92.03,99.7,0,node881,42,env,,0,17,26,37,91.946,16
gc-blk6-s4,4687233,s5014158,ResNet18,CIFAR10,100,resnet18_blocks,SGDm,Lion,1e-3,1e-3,1,1,-15:-2.3026,additive,na,0,4,100,100,92.05,91.99,99.64,0,node858,84,env,,0,19,25,46,91.782,20
a0A-scal-1e6_s0,4680914,s5014158,ResNet18,CIFAR10,100,scalar,SGDm,Adam,1e-3,1e-6,1,1,-15:-2.3026,,na,na,0,100,100,88.46,88.04,94.12,0,node851,91,env,,0,24,68,,88.233,0
msa-layeq-s0,4687235,s5014158,ResNet18,CIFAR10,100,scalar,SGDm,Lion,1.277e-4,1e-3,1,1,-15:-2.3026,,na,na,0,100,100,92.16,92.0,99.34,0,node851,91,env,,0,25,32,42,91.979,13
g4-sgdmLion-scal_s0,4680738,s5014158,ResNet18,CIFAR10,100,scalar,SGDm,Lion,1e-3,1e-6,1,1,-15:-2.3026,,na,na,0,100,100,88.0,87.67,93.54,0,node859,93,env,,0,39,96,,87.657,0
ms-scalA-1e4-s0,4687145,s5014158,ResNet18,CIFAR10,100,scalar,SGDm,Lion,1e-4,1e-3,1,1,-15:-2.3026,,na,na,0,100,100,92.55,92.35,99.6,0,node886,42,env,,0,25,32,42,92.355,13
z3-ref-scalar,4681223,s5014158,ResNet18,CIFAR10,100,scalar,SGDm,Lion,1e-3,1e-3,1,1,-15:-2.3026,,na,na,0,20,20,84.08,83.95,86.0,0,node859,18,env,,0,,,,71.977,0
ms-scal-3e5-s0,4687126,s5014158,ResNet18,CIFAR10,100,scalar,SGDm,Lion,3e-5,1e-6,1,1,-15:-2.3026,,na,na,0,100,100,23.05,22.7,23.14,0,node866,46,env,,0,,,,21.415,0
p2-scal,4681047,s5014158,ResNet18,CIFAR10,100,scalar,SGDm,Lion,1e-3,1e-6,1,1,-15:-2.3026,,na,na,0,20,20,70.73,70.73,70.31,0,node880,8,env,,0,,,,32.475,0
a0A-scal-1e4_s0,4680902,s5014158,ResNet18,CIFAR10,100,scalar,SGDm,Adam,1e-3,1e-4,1,1,-15:-2.3026,,na,na,0,100,100,88.15,88.15,94.0,0,node851,91,env,,0,24,94,,87.897,0
msa-blk6eq-s0,4687234,s5014158,ResNet18,CIFAR10,100,scalar,SGDm,Lion,3.947e-4,1e-3,1,1,-15:-2.3026,,na,na,0,100,100,87.63,87.41,91.18,0,node858,91,env,,0,19,,,87.407,0
ms-scal-1e5-s0,4687125,s5014158,ResNet18,CIFAR10,100,scalar,SGDm,Lion,1e-5,1e-6,1,1,-15:-2.3026,,na,na,0,100,100,18.7,18.22,19.52,0,node886,42,env,,0,,,,17.924,0
g4-sgdmAdam-scal_s0,4680740,s5014158,ResNet18,CIFAR10,100,scalar,SGDm,Adam,1e-3,1e-6,1,1,-15:-2.3026,,na,na,0,100,100,88.12,87.62,94.18,0,node886,42,env,,0,23,69,,87.882,0
fz-scal-a3-s0,4687487,s5014158,ResNet18,CIFAR10,100,scalar,SGDm,fixed,1e-3,1e-3,1,1,-15:-2.3026,,na,na,0,4,20,45.23,45.23,42.9,0,node883,,env,,0,,,,,0
ms-scal-3e4-s0,4687128,s5014158,ResNet18,CIFAR10,100,scalar,SGDm,Lion,3e-4,1e-6,1,1,-15:-2.3026,,na,na,0,100,100,87.56,87.42,92.15,0,node886,42,env,,0,65,,,87.383,0
msa-weq-s0,4687237,s5014158,ResNet18,CIFAR10,100,scalar,SGDm,Lion,3.307e-7,1e-3,1,1,-15:-2.3026,,na,na,0,100,100,91.05,89.77,94.86,0,node883,42,env,,0,34,49,63,90.283,40
ms-scalA-1e3-s0,4687146,s5014158,ResNet18,CIFAR10,100,scalar,SGDm,Lion,1e-3,1e-3,1,1,-15:-2.3026,,na,na,0,100,100,88.24,88.02,93.99,0,node886,42,env,,0,23,71,,88.086,0
mx-a1e3-scal-s0,4682943,s5014158,ResNet18,CIFAR10,100,scalar,SGDm,Lion,1e-3,1e-3,1,1,-15:-2.3026,,na,na,0,100,100,87.8,87.66,93.8,0,node866,47,env,,0,24,,,87.635,0
msa-nodeeq-s0,4687236,s5014158,ResNet18,CIFAR10,100,scalar,SGDm,Lion,1.520e-5,1e-3,1,1,-15:-2.3026,,na,na,0,100,100,91.9,90.69,96.52,0,node883,42,env,,0,31,48,56,91.074,33
ms-scal-1e4-s0,4687127,s5014158,ResNet18,CIFAR10,100,scalar,SGDm,Lion,1e-4,1e-6,1,1,-15:-2.3026,,na,na,0,100,100,44.86,44.86,43.55,0,node885,42,env,,0,,,,39.927,0
mx-a1e4-scal-s0,4682928,s5014158,ResNet18,CIFAR10,100,scalar,SGDm,Lion,1e-3,1e-4,1,1,-15:-2.3026,,na,na,0,100,100,87.68,87.59,93.79,0,node880,42,env,,0,28,,,87.546,0
a0A-scal-1e3_s0,4680898,s5014158,ResNet18,CIFAR10,100,scalar,SGDm,Adam,1e-3,1e-3,1,1,-15:-2.3026,,na,na,0,100,100,88.24,88.08,93.79,0,node859,92,env,,0,24,83,,87.974,0
msa-blk6eq-s1,4687238,s5014158,ResNet18,CIFAR10,100,scalar,SGDm,Lion,3.947e-4,1e-3,1,1,-15:-2.3026,,na,na,1,100,100,87.79,87.53,92.36,0,node851,92,env,,0,19,,,87.529,0
ms-scal-1e4-s1,4687131,s5014158,ResNet18,CIFAR10,100,scalar,SGDm,Lion,1e-4,1e-6,1,1,-15:-2.3026,,na,na,1,100,100,48.19,48.19,46.45,0,node887,43,env,,0,,,,42.092,0
ms-scalA-1e4-s1,4687147,s5014158,ResNet18,CIFAR10,100,scalar,SGDm,Lion,1e-4,1e-3,1,1,-15:-2.3026,,na,na,1,100,100,92.65,92.5,99.67,0,node851,92,env,,0,26,35,42,92.455,11
msa-layeq-s1,4687239,s5014158,ResNet18,CIFAR10,100,scalar,SGDm,Lion,1.277e-4,1e-3,1,1,-15:-2.3026,,na,na,1,100,100,92.01,91.88,99.42,0,node887,43,env,,0,23,32,41,91.823,15
a0A-scal-1e3_s1,4680906,s5014158,ResNet18,CIFAR10,100,scalar,SGDm,Adam,1e-3,1e-3,1,1,-15:-2.3026,,na,na,1,100,100,87.88,87.68,94.21,0,node859,93,env,,0,26,,,87.632,0
mx-a1e4-scal-s1,4682931,s5014158,ResNet18,CIFAR10,100,scalar,SGDm,Lion,1e-3,1e-4,1,1,-15:-2.3026,,na,na,1,100,100,88.0,87.73,94.25,0,node882,42,env,,0,26,93,,87.759,0
ms-scalA-1e3-s1,4687148,s5014158,ResNet18,CIFAR10,100,scalar,SGDm,Lion,1e-3,1e-3,1,1,-15:-2.3026,,na,na,1,100,100,87.96,87.75,94.3,0,node858,91,env,,0,22,,,87.614,0
a0A-scal-1e4_s1,4680910,s5014158,ResNet18,CIFAR10,100,scalar,SGDm,Adam,1e-3,1e-4,1,1,-15:-2.3026,,na,na,1,100,100,87.94,87.9,94.14,0,node858,91,env,,0,25,,,87.654,0
msa-weq-s1,4687241,s5014158,ResNet18,CIFAR10,100,scalar,SGDm,Lion,3.307e-7,1e-3,1,1,-15:-2.3026,,na,na,1,100,100,91.25,90.45,94.83,0,node883,42,env,,0,37,47,58,90.232,38
ms-scal-3e5-s1,4687130,s5014158,ResNet18,CIFAR10,100,scalar,SGDm,Lion,3e-5,1e-6,1,1,-15:-2.3026,,na,na,1,100,100,23.46,23.39,23.12,0,node886,42,env,,0,,,,22.669,0
g4-sgdmAdam-scal_s1,4680745,s5014158,ResNet18,CIFAR10,100,scalar,SGDm,Adam,1e-3,1e-6,1,1,-15:-2.3026,,na,na,1,100,100,20.89,20.89,20.38,0,node885,42,env,,0,,,,20.47,0
mx-a1e3-scal-s1,4682946,s5014158,ResNet18,CIFAR10,100,scalar,SGDm,Lion,1e-3,1e-3,1,1,-15:-2.3026,,na,na,1,100,100,88.15,88.07,94.19,0,node866,50,env,,0,23,86,,87.869,0
ms-scal-3e4-s1,4687132,s5014158,ResNet18,CIFAR10,100,scalar,SGDm,Lion,3e-4,1e-6,1,1,-15:-2.3026,,na,na,1,100,100,88.37,88.08,92.66,0,node858,91,env,,0,64,96,,87.876,0
g4-sgdmLion-scal_s1,4680743,s5014158,ResNet18,CIFAR10,100,scalar,SGDm,Lion,1e-3,1e-6,1,1,-15:-2.3026,,na,na,1,100,100,88.05,88.05,94.02,0,node851,91,env,,0,36,100,,87.758,0
msa-nodeeq-s1,4687240,s5014158,ResNet18,CIFAR10,100,scalar,SGDm,Lion,1.520e-5,1e-3,1,1,-15:-2.3026,,na,na,1,97,100,91.76,90.73,96.45,0,node859,,env,,0,35,46,57,91.01,29
ms-scal-1e5-s1,4687129,s5014158,ResNet18,CIFAR10,100,scalar,SGDm,Lion,1e-5,1e-6,1,1,-15:-2.3026,,na,na,1,100,100,21.11,21.11,19.95,0,node851,92,env,,0,,,,20.399,0
mx-a1e4-scal-s2,4682934,s5014158,ResNet18,CIFAR10,100,scalar,SGDm,Lion,1e-3,1e-4,1,1,-15:-2.3026,,na,na,2,100,100,88.12,88.04,94.26,0,node883,42,env,,0,27,79,,87.944,0
ms-scal-1e4-s2,4687135,s5014158,ResNet18,CIFAR10,100,scalar,SGDm,Lion,1e-4,1e-6,1,1,-15:-2.3026,,na,na,2,100,100,47.12,47.12,46.25,0,node851,91,env,,0,,,,41.794,0
mx-a1e3-scal-s2,4682949,s5014158,ResNet18,CIFAR10,100,scalar,SGDm,Lion,1e-3,1e-3,1,1,-15:-2.3026,,na,na,2,100,100,87.82,87.74,93.91,0,node881,42,env,,0,26,,,87.632,0
ms-scal-1e5-s2,4687133,s5014158,ResNet18,CIFAR10,100,scalar,SGDm,Lion,1e-5,1e-6,1,1,-15:-2.3026,,na,na,2,100,100,18.07,17.83,17.9,0,node853,91,env,,0,,,,17.266,0
msa-weq-s2,4687245,s5014158,ResNet18,CIFAR10,100,scalar,SGDm,Lion,3.307e-7,1e-3,1,1,-15:-2.3026,,na,na,2,71,100,90.3,89.37,93.89,0,node851,,env,,0,33,46,60,89.408,15
ms-scalA-1e3-s2,4687150,s5014158,ResNet18,CIFAR10,100,scalar,SGDm,Lion,1e-3,1e-3,1,1,-15:-2.3026,,na,na,2,100,100,88.17,88.17,93.87,0,node851,91,env,,0,23,61,,87.953,0
ms-scal-3e5-s2,4687134,s5014158,ResNet18,CIFAR10,100,scalar,SGDm,Lion,3e-5,1e-6,1,1,-15:-2.3026,,na,na,2,100,100,22.0,21.93,22.41,0,node858,90,env,,0,,,,20.874,0
g4-sgdmLion-scal_s2,4680748,s5014158,ResNet18,CIFAR10,100,scalar,SGDm,Lion,1e-3,1e-6,1,1,-15:-2.3026,,na,na,2,100,100,88.46,87.94,93.79,0,node851,91,env,,0,37,75,,88.027,0
msa-blk6eq-s2,4687242,s5014158,ResNet18,CIFAR10,100,scalar,SGDm,Lion,3.947e-4,1e-3,1,1,-15:-2.3026,,na,na,2,81,100,87.86,87.71,91.22,0,node859,,env,,0,18,,,87.718,0
ms-scalA-1e4-s2,4687149,s5014158,ResNet18,CIFAR10,100,scalar,SGDm,Lion,1e-4,1e-3,1,1,-15:-2.3026,,na,na,2,100,100,92.13,91.94,99.63,0,node858,91,env,,0,25,35,43,91.956,20
msa-nodeeq-s2,4687244,s5014158,ResNet18,CIFAR10,100,scalar,SGDm,Lion,1.520e-5,1e-3,1,1,-15:-2.3026,,na,na,2,77,100,91.33,91.14,95.71,0,node858,,env,,0,33,44,58,90.397,21
g4-sgdmAdam-scal_s2,4680750,s5014158,ResNet18,CIFAR10,100,scalar,SGDm,Adam,1e-3,1e-6,1,1,-15:-2.3026,,na,na,2,100,100,86.78,86.78,91.22,0,node882,42,env,,0,78,,,86.017,0
msa-layeq-s2,4687243,s5014158,ResNet18,CIFAR10,100,scalar,SGDm,Lion,1.277e-4,1e-3,1,1,-15:-2.3026,,na,na,2,79,100,91.71,91.63,99.07,0,node858,,env,,0,25,33,40,91.516,21
ms-scal-3e4-s2,4687136,s5014158,ResNet18,CIFAR10,100,scalar,SGDm,Lion,3e-4,1e-6,1,1,-15:-2.3026,,na,na,2,100,100,87.8,87.76,92.27,0,node885,42,env,,0,65,,,87.493,0
mx-a1e4-scal-s3,4682937,s5014158,ResNet18,CIFAR10,100,scalar,SGDm,Lion,1e-3,1e-4,1,1,-15:-2.3026,,na,na,3,100,100,87.46,87.43,93.61,0,node882,42,env,,0,28,,,87.179,0
ms-scal-1e4-s3,4687139,s5014158,ResNet18,CIFAR10,100,scalar,SGDm,Lion,1e-4,1e-6,1,1,-15:-2.3026,,na,na,3,100,100,46.6,46.6,44.94,0,node851,91,env,,0,,,,41.358,0
mx-a1e3-scal-s3,4682952,s5014158,ResNet18,CIFAR10,100,scalar,SGDm,Lion,1e-3,1e-3,1,1,-15:-2.3026,,na,na,3,100,100,87.61,87.4,94.14,0,node859,93,env,,0,30,,,87.284,0
msa-nodeeq-s3,4687248,s5014158,ResNet18,CIFAR10,100,scalar,SGDm,Lion,1.520e-5,1e-3,1,1,-15:-2.3026,,na,na,3,60,100,90.8,90.8,94.45,0,node851,,env,,0,33,45,58,88.73,8
msa-blk6eq-s3,4687246,s5014158,ResNet18,CIFAR10,100,scalar,SGDm,Lion,3.947e-4,1e-3,1,1,-15:-2.3026,,na,na,3,65,100,87.27,87.1,91.02,0,node858,,env,,0,19,,,87.105,0
ms-scal-1e5-s3,4687137,s5014158,ResNet18,CIFAR10,100,scalar,SGDm,Lion,1e-5,1e-6,1,1,-15:-2.3026,,na,na,3,100,100,21.63,21.48,21.59,0,node859,90,env,,0,,,,21.197,0
ms-scal-3e5-s3,4687138,s5014158,ResNet18,CIFAR10,100,scalar,SGDm,Lion,3e-5,1e-6,1,1,-15:-2.3026,,na,na,3,100,100,23.9,23.9,24.36,0,node886,42,env,,0,,,,22.729,0
ms-scal-3e4-s3,4687140,s5014158,ResNet18,CIFAR10,100,scalar,SGDm,Lion,3e-4,1e-6,1,1,-15:-2.3026,,na,na,3,100,100,87.69,87.53,92.13,0,node851,91,env,,0,64,,,87.35,0
msa-layeq-s3,4687247,s5014158,ResNet18,CIFAR10,100,scalar,SGDm,Lion,1.277e-4,1e-3,1,1,-15:-2.3026,,na,na,3,100,100,92.08,91.81,99.34,0,node884,43,env,,0,25,33,42,91.897,15
msa-weq-s3,4687249,s5014158,ResNet18,CIFAR10,100,scalar,SGDm,Lion,3.307e-7,1e-3,1,1,-15:-2.3026,,na,na,3,54,100,89.19,88.09,91.98,0,node858,,env,,0,37,45,,87.044,1
mx-a1e4-scal-s4,4682940,s5014158,ResNet18,CIFAR10,100,scalar,SGDm,Lion,1e-3,1e-4,1,1,-15:-2.3026,,na,na,4,100,100,87.96,87.73,93.96,0,node851,90,env,,0,32,,,87.599,0
msa-blk6eq-s4,4687250,s5014158,ResNet18,CIFAR10,100,scalar,SGDm,Lion,3.947e-4,1e-3,1,1,-15:-2.3026,,na,na,4,51,100,87.31,87.31,90.82,0,node851,,env,,0,19,,,87.08,0
ms-scal-3e5-s4,4687142,s5014158,ResNet18,CIFAR10,100,scalar,SGDm,Lion,3e-5,1e-6,1,1,-15:-2.3026,,na,na,4,100,100,22.57,22.53,23.35,0,node858,91,env,,0,,,,21.551,0
msa-layeq-s4,4687251,s5014158,ResNet18,CIFAR10,100,scalar,SGDm,Lion,1.277e-4,1e-3,1,1,-15:-2.3026,,na,na,4,100,100,91.91,91.81,99.3,0,node883,42,env,,0,24,32,42,91.79,17
ms-scal-3e4-s4,4687144,s5014158,ResNet18,CIFAR10,100,scalar,SGDm,Lion,3e-4,1e-6,1,1,-15:-2.3026,,na,na,4,100,100,87.78,87.35,92.18,0,node887,42,env,,0,65,,,87.354,0
msa-nodeeq-s4,4687252,s5014158,ResNet18,CIFAR10,100,scalar,SGDm,Lion,1.520e-5,1e-3,1,1,-15:-2.3026,,na,na,4,25,100,81.35,81.35,82.76,0,node851,,env,,0,,,,70.484,0
ms-scal-1e4-s4,4687143,s5014158,ResNet18,CIFAR10,100,scalar,SGDm,Lion,1e-4,1e-6,1,1,-15:-2.3026,,na,na,4,100,100,46.91,46.91,45.43,0,node887,42,env,,0,,,,41.669,0
mx-a1e3-scal-s4,4682955,s5014158,ResNet18,CIFAR10,100,scalar,SGDm,Lion,1e-3,1e-3,1,1,-15:-2.3026,,na,na,4,100,100,87.8,87.5,93.88,0,node851,93,env,,0,30,,,87.465,0
msa-weq-s4,4687253,s5014158,ResNet18,CIFAR10,100,scalar,SGDm,Lion,3.307e-7,1e-3,1,1,-15:-2.3026,,na,na,4,34,100,84.69,84.69,86.93,0,node884,,env,,0,,,,78.647,0
ms-scal-1e5-s4,4687141,s5014158,ResNet18,CIFAR10,100,scalar,SGDm,Lion,1e-5,1e-6,1,1,-15:-2.3026,,na,na,4,100,100,19.42,19.42,20.27,0,node858,90,env,,0,,,,18.7,0
zsx-w-r05_s0,4681816,s5014158,ResNet18,CIFAR10,100,weightwise,SGDm,Lion,1e-3,1e-6,1,1,-15:-2.3026,zpool,na,0.5,0,100,100,88.2,87.66,94.1,0,node851,89,env,,0,39,92,,87.704,0
zsx-w-r1_s0,4681820,s5014158,ResNet18,CIFAR10,100,weightwise,SGDm,Lion,1e-3,1e-6,1,1,-15:-2.3026,zpool,na,1,0,100,100,79.66,79.66,82.13,0,node851,87,env,,0,,,,78.063,0
p2-w-L1p0,4681051,s5014158,ResNet18,CIFAR10,100,weightwise,SGDm,Lion,1e-3,1e-6,1,1,-15:-2.3026,shrink,1.0,na,0,20,20,14.8,14.8,15.5,0,node887,9,env,,0,,,,13.61,0
zsx-w-r03_s0,4681814,s5014158,ResNet18,CIFAR10,100,weightwise,SGDm,Lion,1e-3,1e-6,1,1,-15:-2.3026,zpool,na,0.3,0,100,100,88.07,87.92,93.96,0,node851,94,env,,0,39,92,,87.854,0
zsx-w-r0_s0,4681810,s5014158,ResNet18,CIFAR10,100,weightwise,SGDm,Lion,1e-3,1e-6,1,1,-15:-2.3026,zpool,na,0,0,100,100,88.04,87.93,93.55,0,node851,89,env,,0,39,92,,87.794,0
zsx-w-r01_s0,4681812,s5014158,ResNet18,CIFAR10,100,weightwise,SGDm,Lion,1e-3,1e-6,1,1,-15:-2.3026,zpool,na,0.1,0,100,100,88.38,87.86,93.64,0,node859,88,env,,0,37,78,,87.921,0
zsx-w-r07_s0,4681818,s5014158,ResNet18,CIFAR10,100,weightwise,SGDm,Lion,1e-3,1e-6,1,1,-15:-2.3026,zpool,na,0.7,0,100,100,88.72,88.19,94.81,0,node859,87,env,,0,38,71,,88.281,0
gp-w-r0-s0,4685209,s5014158,ResNet18,CIFAR10,100,weightwise,SGDm,Lion,1e-3,1e-6,1,1,-15:-2.3026,additive,na,0,0,100,100,46.41,46.41,45.12,0,node887,47,env,,0,,,,42.619,0
gc-w-s0,4687223,s5014158,ResNet18,CIFAR10,100,weightwise,SGDm,Lion,1e-3,1e-3,1,1,-15:-2.3026,additive,na,0,0,100,100,92.21,89.63,95.67,0,node881,49,env,,0,34,48,49,90.433,40
zrn-w-r07_s0,4682644,s5014158,ResNet18,CIFAR10,100,weightwise,SGDm,Lion,1e-3,1e-6,1,1,-15:-2.3026,zpool,na,0.7,0,100,100,88.53,88.11,94.64,0,node851,90,env,,0,39,78,,88.114,0
z3-w-r0,4681228,s5014158,ResNet18,CIFAR10,100,weightwise,SGDm,Lion,1e-3,1e-3,1,1,-15:-2.3026,zpool,na,0,0,20,20,84.32,84.32,86.1,0,node851,18,env,,0,,,,71.984,0
zrn-w-r1_s0,4682652,s5014158,ResNet18,CIFAR10,100,weightwise,SGDm,Lion,1e-3,1e-6,1,1,-15:-2.3026,zpool,na,1,0,100,100,79.71,79.71,82.09,0,node858,82,env,,0,,,,78.079,0
zrn-w-r095_s0,4682648,s5014158,ResNet18,CIFAR10,100,weightwise,SGDm,Lion,1e-3,1e-6,1,1,-15:-2.3026,zpool,na,0.95,0,100,100,89.26,88.79,97.11,0,node859,87,env,,0,36,55,,88.806,7
z3-ref-weight,4681225,s5014158,ResNet18,CIFAR10,100,weightwise,SGDm,Lion,1e-3,1e-3,1,1,-15:-2.3026,,na,na,0,20,20,83.34,82.8,85.1,0,node859,16,env,,0,,,,68.542,0
gp-w-r003-s0,4685212,s5014158,ResNet18,CIFAR10,100,weightwise,SGDm,Lion,1e-3,1e-6,1,1,-15:-2.3026,additive,na,0.03,0,100,100,45.9,45.9,44.91,0,node887,47,env,,0,,,,43.409,0
gp-w-r1-s0,4685224,s5014158,ResNet18,CIFAR10,100,weightwise,SGDm,Lion,1e-3,1e-6,1,1,-15:-2.3026,additive,na,1,0,100,100,79.55,79.55,82.18,0,node851,92,env,,0,,,,78.063,0
zrn-w-r099_s0,4682650,s5014158,ResNet18,CIFAR10,100,weightwise,SGDm,Lion,1e-3,1e-6,1,1,-15:-2.3026,zpool,na,0.99,0,100,100,89.26,89.02,96.37,0,node858,86,env,,0,38,50,,88.827,7
gp-w-r02-s0,4685221,s5014158,ResNet18,CIFAR10,100,weightwise,SGDm,Lion,1e-3,1e-6,1,1,-15:-2.3026,additive,na,0.2,0,100,100,60.16,60.14,59.52,0,node881,48,env,,0,,,,57.21,0
zrn-w-r09_s0,4682646,s5014158,ResNet18,CIFAR10,100,weightwise,SGDm,Lion,1e-3,1e-6,1,1,-15:-2.3026,zpool,na,0.9,0,100,100,88.97,88.39,96.44,0,node858,87,env,,0,34,63,,88.584,0
gp-w-r006-s0,4685215,s5014158,ResNet18,CIFAR10,100,weightwise,SGDm,Lion,1e-3,1e-6,1,1,-15:-2.3026,additive,na,0.06,0,100,100,47.69,47.69,46.23,0,node859,86,env,,0,,,,44.968,0
gp-w-r01-s0,4685218,s5014158,ResNet18,CIFAR10,100,weightwise,SGDm,Lion,1e-3,1e-6,1,1,-15:-2.3026,additive,na,0.1,0,100,100,49.83,49.83,48.92,0,node858,87,env,,0,,,,47.366,0
z3-w-r1,4681229,s5014158,ResNet18,CIFAR10,100,weightwise,SGDm,Lion,1e-3,1e-3,1,1,-15:-2.3026,zpool,na,1,0,20,20,83.34,83.34,85.15,0,node851,17,env,,0,,,,68.669,0
zrn-w-r095_s1,4682658,s5014158,ResNet18,CIFAR10,100,weightwise,SGDm,Lion,1e-3,1e-6,1,1,-15:-2.3026,zpool,na,0.95,1,100,100,89.33,88.8,97.48,0,node851,90,env,,0,35,61,,88.791,5
gp-w-r003-s1,4685213,s5014158,ResNet18,CIFAR10,100,weightwise,SGDm,Lion,1e-3,1e-6,1,1,-15:-2.3026,additive,na,0.03,1,100,100,49.82,49.82,48.19,0,node887,47,env,,0,,,,46.951,0
gp-w-r1-s1,4685225,s5014158,ResNet18,CIFAR10,100,weightwise,SGDm,Lion,1e-3,1e-6,1,1,-15:-2.3026,additive,na,1,1,100,100,79.5,79.29,82.48,0,node881,47,env,,0,,,,78.029,0
zrn-w-r09_s1,4682656,s5014158,ResNet18,CIFAR10,100,weightwise,SGDm,Lion,1e-3,1e-6,1,1,-15:-2.3026,zpool,na,0.9,1,100,100,89.02,88.31,96.39,0,node859,86,env,,0,34,71,,88.436,1
zsx-w-r01_s1,4681824,s5014158,ResNet18,CIFAR10,100,weightwise,SGDm,Lion,1e-3,1e-6,1,1,-15:-2.3026,zpool,na,0.1,1,100,100,88.08,88.05,94.04,0,node858,86,env,,0,34,84,,87.839,0
gp-w-r01-s1,4685219,s5014158,ResNet18,CIFAR10,100,weightwise,SGDm,Lion,1e-3,1e-6,1,1,-15:-2.3026,additive,na,0.1,1,100,100,52.74,52.74,51.23,0,node858,87,env,,0,,,,50.081,0
zsx-w-r03_s1,4681826,s5014158,ResNet18,CIFAR10,100,weightwise,SGDm,Lion,1e-3,1e-6,1,1,-15:-2.3026,zpool,na,0.3,1,100,100,88.39,88.39,94.22,0,node858,86,env,,0,34,78,,88.035,0
zsx-w-r0_s1,4681822,s5014158,ResNet18,CIFAR10,100,weightwise,SGDm,Lion,1e-3,1e-6,1,1,-15:-2.3026,zpool,na,0,1,100,100,88.13,88.11,93.95,0,node851,89,env,,0,35,96,,87.756,0
zrn-w-r099_s1,4682660,s5014158,ResNet18,CIFAR10,100,weightwise,SGDm,Lion,1e-3,1e-6,1,1,-15:-2.3026,zpool,na,0.99,1,100,100,89.67,89.67,97.1,0,node858,86,env,,0,35,49,,89.277,23
gp-w-r006-s1,4685216,s5014158,ResNet18,CIFAR10,100,weightwise,SGDm,Lion,1e-3,1e-6,1,1,-15:-2.3026,additive,na,0.06,1,100,100,50.45,50.45,48.85,0,node851,92,env,,0,,,,47.82,0
gp-w-r0-s1,4685210,s5014158,ResNet18,CIFAR10,100,weightwise,SGDm,Lion,1e-3,1e-6,1,1,-15:-2.3026,additive,na,0,1,100,100,51.67,51.67,50.72,0,node851,91,env,,0,,,,47.781,0
zrn-w-r07_s1,4682654,s5014158,ResNet18,CIFAR10,100,weightwise,SGDm,Lion,1e-3,1e-6,1,1,-15:-2.3026,zpool,na,0.7,1,100,100,88.41,88.14,95.04,0,node858,86,env,,0,34,78,,87.929,0
gp-w-r02-s1,4685222,s5014158,ResNet18,CIFAR10,100,weightwise,SGDm,Lion,1e-3,1e-6,1,1,-15:-2.3026,additive,na,0.2,1,100,100,60.79,60.79,59.81,0,node883,47,env,,0,,,,58.123,0
gc-w-s1,4687225,s5014158,ResNet18,CIFAR10,100,weightwise,SGDm,Lion,1e-3,1e-3,1,1,-15:-2.3026,additive,na,0,1,100,100,91.47,90.45,95.44,0,node883,48,env,,0,33,43,51,90.545,46
gp-w-r01-s2,4685220,s5014158,ResNet18,CIFAR10,100,weightwise,SGDm,Lion,1e-3,1e-6,1,1,-15:-2.3026,additive,na,0.1,2,100,100,51.02,51.02,49.96,0,node859,87,env,,0,,,,48.157,0
gp-w-r1-s2,4685226,s5014158,ResNet18,CIFAR10,100,weightwise,SGDm,Lion,1e-3,1e-6,1,1,-15:-2.3026,additive,na,1,2,100,100,78.84,78.75,81.49,0,node851,91,env,,0,,,,77.317,0
gp-w-r006-s2,4685217,s5014158,ResNet18,CIFAR10,100,weightwise,SGDm,Lion,1e-3,1e-6,1,1,-15:-2.3026,additive,na,0.06,2,100,100,48.63,48.63,47.56,0,node887,47,env,,0,,,,45.736,0
gp-w-r0-s2,4685211,s5014158,ResNet18,CIFAR10,100,weightwise,SGDm,Lion,1e-3,1e-6,1,1,-15:-2.3026,additive,na,0,2,100,100,48.2,48.2,47.46,0,node858,87,env,,0,,,,44.614,0
gp-w-r02-s2,4685223,s5014158,ResNet18,CIFAR10,100,weightwise,SGDm,Lion,1e-3,1e-6,1,1,-15:-2.3026,additive,na,0.2,2,100,100,59.95,59.95,58.96,0,node882,48,env,,0,,,,57.208,0
gc-w-s2,4687227,s5014158,ResNet18,CIFAR10,100,weightwise,SGDm,Lion,1e-3,1e-3,1,1,-15:-2.3026,additive,na,0,2,100,100,91.63,90.73,95.48,0,node859,87,env,,0,34,46,56,90.526,42
gp-w-r003-s2,4685214,s5014158,ResNet18,CIFAR10,100,weightwise,SGDm,Lion,1e-3,1e-6,1,1,-15:-2.3026,additive,na,0.03,2,100,100,47.52,47.52,46.55,0,node885,48,env,,0,,,,44.504,0
gc-w-s3,4687229,s5014158,ResNet18,CIFAR10,100,weightwise,SGDm,Lion,1e-3,1e-3,1,1,-15:-2.3026,additive,na,0,3,100,100,91.54,90.94,95.4,0,node858,87,env,,0,33,42,57,90.689,39
gc-w-s4,4687231,s5014158,ResNet18,CIFAR10,100,weightwise,SGDm,Lion,1e-3,1e-3,1,1,-15:-2.3026,additive,na,0,4,100,100,91.25,90.22,95.79,0,node853,86,env,,0,34,45,57,90.384,46
p5-c100-lay,4683386,s5014158,ResNet18_c100,CIFAR100,100,layerwise,SGDm,Lion,1e-3,1e-6,1,1,-15:-2.3026,shrink,1.0,na,0,20,20,13.74,13.74,12.63,0,node858,14,env,,0,,,,4.745,0
rc6-r04-s0,4683601,s5014158,ResNet18_c100,CIFAR100,100,layerwise,SGDm,Lion,1e-3,1e-6,1,1,-15:-2.3026,additive,na,0.4,0,100,100,70.27,70.27,98.61,0,node887,31,env,,0,,,,69.453,0
rc6-r07-s0,4683603,s5014158,ResNet18_c100,CIFAR100,100,layerwise,SGDm,Lion,1e-3,1e-6,1,1,-15:-2.3026,additive,na,0.7,0,100,100,70.3,69.93,99.05,0,node883,30,env,,0,,,,69.585,0
rc6-r0-s0,4683593,s5014158,ResNet18_c100,CIFAR100,100,layerwise,SGDm,Lion,1e-3,1e-6,1,1,-15:-2.3026,additive,na,0,0,100,100,19.75,10.69,10.58,0,node886,31,env,,0,,,,10.803,0
rc6-r01-s0,4683597,s5014158,ResNet18_c100,CIFAR100,100,layerwise,SGDm,Lion,1e-3,1e-6,1,1,-15:-2.3026,additive,na,0.1,0,100,100,69.65,69.17,94.38,0,node881,30,env,,0,,,,69.145,0
m0c-001-e3-s0,4683881,s5014158,ResNet18_c100,CIFAR100,100,layerwise,SGDm,Lion,1e-3,1e-3,1,1,-15:-2.3026,shrink,0.01,na,0,100,100,22.36,16.36,16.29,0,node858,71,env,,0,,,,16.372,0
rc6-r1-s0,4683605,s5014158,ResNet18_c100,CIFAR100,100,layerwise,SGDm,Lion,1e-3,1e-6,1,1,-15:-2.3026,additive,na,1,0,100,100,70.0,69.77,99.13,0,node887,31,env,,0,,,,69.52,0
rc6-r02-s0,4683599,s5014158,ResNet18_c100,CIFAR100,100,layerwise,SGDm,Lion,1e-3,1e-6,1,1,-15:-2.3026,additive,na,0.2,0,100,100,70.48,70.21,98.69,0,node885,31,env,,0,,,,69.877,0
m0c-001-e6-s0,4683884,s5014158,ResNet18_c100,CIFAR100,100,layerwise,SGDm,Lion,1e-3,1e-6,1,1,-15:-2.3026,shrink,0.01,na,0,100,100,24.64,18.1,18.29,0,node851,78,env,,0,,,,18.372,0
rc6-r005-s0,4683595,s5014158,ResNet18_c100,CIFAR100,100,layerwise,SGDm,Lion,1e-3,1e-6,1,1,-15:-2.3026,additive,na,0.05,0,100,100,44.92,44.22,49.14,0,node883,31,env,,0,,,,44.499,0
rc6-r04-s1,4683602,s5014158,ResNet18_c100,CIFAR100,100,layerwise,SGDm,Lion,1e-3,1e-6,1,1,-15:-2.3026,additive,na,0.4,1,100,100,69.74,69.38,98.43,0,node858,71,env,,0,,,,69.247,0
m0c-001-e6-s1,4683885,s5014158,ResNet18_c100,CIFAR100,100,layerwise,SGDm,Lion,1e-3,1e-6,1,1,-15:-2.3026,shrink,0.01,na,1,100,100,24.38,18.28,18.23,0,node887,31,env,,0,,,,18.533,0
rc6-r02-s1,4683600,s5014158,ResNet18_c100,CIFAR100,100,layerwise,SGDm,Lion,1e-3,1e-6,1,1,-15:-2.3026,additive,na,0.2,1,100,100,70.57,70.37,98.6,0,node886,31,env,,0,,,,69.903,0
m0c-001-e3-s1,4683882,s5014158,ResNet18_c100,CIFAR100,100,layerwise,SGDm,Lion,1e-3,1e-3,1,1,-15:-2.3026,shrink,0.01,na,1,100,100,22.19,15.51,15.31,0,node858,71,env,,0,,,,15.418,0
rc6-r01-s1,4683598,s5014158,ResNet18_c100,CIFAR100,100,layerwise,SGDm,Lion,1e-3,1e-6,1,1,-15:-2.3026,additive,na,0.1,1,100,100,68.98,68.42,93.79,0,node851,77,env,,0,,,,68.546,0
rc6-r1-s1,4683606,s5014158,ResNet18_c100,CIFAR100,100,layerwise,SGDm,Lion,1e-3,1e-6,1,1,-15:-2.3026,additive,na,1,1,100,100,70.11,69.81,98.79,0,node881,30,env,,0,,,,69.565,0
rc6-r0-s1,4683594,s5014158,ResNet18_c100,CIFAR100,100,layerwise,SGDm,Lion,1e-3,1e-6,1,1,-15:-2.3026,additive,na,0,1,100,100,19.53,11.65,11.52,0,node887,31,env,,0,,,,11.607,0
rc6-r07-s1,4683604,s5014158,ResNet18_c100,CIFAR100,100,layerwise,SGDm,Lion,1e-3,1e-6,1,1,-15:-2.3026,additive,na,0.7,1,100,100,70.3,69.73,98.76,0,node887,31,env,,0,,,,69.648,0
rc6-r005-s1,4683596,s5014158,ResNet18_c100,CIFAR100,100,layerwise,SGDm,Lion,1e-3,1e-6,1,1,-15:-2.3026,additive,na,0.05,1,100,100,43.21,42.12,46.19,0,node887,31,env,,0,,,,42.514,0
c100b-1e3-layer-s2,4683746,s5014158,ResNet18_c100,CIFAR100,100,layerwise,SGDm,Lion,1e-3,1e-3,1,1,-15:-2.3026,,na,na,2,100,100,69.73,69.32,99.29,0,node886,30,env,,0,,,,69.325,0
c100b-1e6-layer-s2,4683755,s5014158,ResNet18_c100,CIFAR100,100,layerwise,SGDm,Lion,1e-3,1e-6,1,1,-15:-2.3026,,na,na,2,100,100,69.72,69.72,98.86,0,node885,31,env,,0,,,,69.01,0
c1b-e3-s2,4683899,s5014158,ResNet18_c100,CIFAR100,100,layerwise,SGDm,Lion,1e-3,1e-3,1,1,-15:-2.3026,,na,na,2,100,100,69.74,69.06,99.21,0,node851,75,env,,0,,,,69.169,0
c1b-e6-s2,4683902,s5014158,ResNet18_c100,CIFAR100,100,layerwise,SGDm,Lion,1e-3,1e-6,1,1,-15:-2.3026,,na,na,2,100,100,69.52,68.6,98.84,0,node859,71,env,,0,,,,68.891,0
m0c-001-e3-s2,4683883,s5014158,ResNet18_c100,CIFAR100,100,layerwise,SGDm,Lion,1e-3,1e-3,1,1,-15:-2.3026,shrink,0.01,na,2,100,100,23.18,16.66,16.48,0,node887,31,env,,0,,,,16.593,0
c1b-e6-s3,4683903,s5014158,ResNet18_c100,CIFAR100,100,layerwise,SGDm,Lion,1e-3,1e-6,1,1,-15:-2.3026,,na,na,3,100,100,69.62,69.35,99.0,0,node858,71,env,,0,,,,69.093,0
c100b-1e6-layer-s3,4683756,s5014158,ResNet18_c100,CIFAR100,100,layerwise,SGDm,Lion,1e-3,1e-6,1,1,-15:-2.3026,,na,na,3,100,100,69.67,69.29,99.06,0,node851,76,env,,0,,,,69.111,0
c100b-1e3-layer-s3,4683747,s5014158,ResNet18_c100,CIFAR100,100,layerwise,SGDm,Lion,1e-3,1e-3,1,1,-15:-2.3026,,na,na,3,100,100,70.27,69.6,99.41,0,node858,71,env,,0,,,,69.534,0
c1b-e3-s3,4683900,s5014158,ResNet18_c100,CIFAR100,100,layerwise,SGDm,Lion,1e-3,1e-3,1,1,-15:-2.3026,,na,na,3,100,100,70.37,70.11,99.34,0,node885,31,env,,0,,,,69.666,0
c1b-e3-s4,4683901,s5014158,ResNet18_c100,CIFAR100,100,layerwise,SGDm,Lion,1e-3,1e-3,1,1,-15:-2.3026,,na,na,4,100,100,69.66,69.33,99.26,0,node887,31,env,,0,,,,69.143,0
c100b-1e3-layer-s4,4683748,s5014158,ResNet18_c100,CIFAR100,100,layerwise,SGDm,Lion,1e-3,1e-3,1,1,-15:-2.3026,,na,na,4,100,100,69.55,68.77,99.15,0,node858,71,env,,0,,,,68.845,0
c100b-1e6-layer-s4,4683757,s5014158,ResNet18_c100,CIFAR100,100,layerwise,SGDm,Lion,1e-3,1e-6,1,1,-15:-2.3026,,na,na,4,100,100,69.18,69.05,99.05,0,node886,31,env,,0,,,,68.631,0
c1b-e6-s4,4683904,s5014158,ResNet18_c100,CIFAR100,100,layerwise,SGDm,Lion,1e-3,1e-6,1,1,-15:-2.3026,,na,na,4,100,100,68.96,68.96,98.8,0,node881,30,env,,0,,,,68.508,0
p5-c100-node,4683387,s5014158,ResNet18_c100,CIFAR100,100,nodewise,SGDm,Lion,1e-3,1e-6,1,1,-15:-2.3026,shrink,1.0,na,0,20,20,5.14,5.14,4.44,0,node882,9,env,,0,,,,2.211,0
c100f-node-s0,4683758,s5014158,ResNet18_c100,CIFAR100,100,nodewise,SGDm,Lion,1e-3,1e-3,1,1,-15:-2.3026,,na,na,0,100,100,71.65,71.22,99.24,0,node887,40,env,,0,,,,71.181,0
c100f-node-s1,4683759,s5014158,ResNet18_c100,CIFAR100,100,nodewise,SGDm,Lion,1e-3,1e-3,1,1,-15:-2.3026,,na,na,1,100,100,71.63,71.11,98.99,0,node885,41,env,,0,,,,71.069,0
c100f-node-s2,4683760,s5014158,ResNet18_c100,CIFAR100,100,nodewise,SGDm,Lion,1e-3,1e-3,1,1,-15:-2.3026,,na,na,2,100,100,71.88,71.88,99.19,0,node887,40,env,,0,,,,71.302,0
c100b-1e3-blk6-s2,4683743,s5014158,ResNet18_c100,CIFAR100,100,resnet18_blocks,SGDm,Lion,1e-3,1e-3,1,1,-15:-2.3026,,na,na,2,100,100,52.1,52.1,63.26,0,node887,42,env,,0,,,,51.188,0
c100b-1e6-blk6-s2,4683752,s5014158,ResNet18_c100,CIFAR100,100,resnet18_blocks,SGDm,Lion,1e-3,1e-6,1,1,-15:-2.3026,,na,na,2,100,100,53.08,52.52,63.91,0,node881,42,env,,0,,,,52.066,0
c100b-1e6-blk6-s3,4683753,s5014158,ResNet18_c100,CIFAR100,100,resnet18_blocks,SGDm,Lion,1e-3,1e-6,1,1,-15:-2.3026,,na,na,3,100,100,53.03,53.03,64.37,0,node883,42,env,,0,,,,52.224,0
c100b-1e3-blk6-s3,4683744,s5014158,ResNet18_c100,CIFAR100,100,resnet18_blocks,SGDm,Lion,1e-3,1e-3,1,1,-15:-2.3026,,na,na,3,100,100,51.87,51.8,64.09,0,node885,42,env,,0,,,,51.377,0
c100b-1e3-blk6-s4,4683745,s5014158,ResNet18_c100,CIFAR100,100,resnet18_blocks,SGDm,Lion,1e-3,1e-3,1,1,-15:-2.3026,,na,na,4,100,100,51.97,51.71,63.85,0,node886,42,env,,0,,,,51.41,0
c100b-1e6-blk6-s4,4683754,s5014158,ResNet18_c100,CIFAR100,100,resnet18_blocks,SGDm,Lion,1e-3,1e-6,1,1,-15:-2.3026,,na,na,4,100,100,53.46,52.74,64.68,0,node887,42,env,,0,,,,52.658,0
p5-c100-scal,4683385,s5014158,ResNet18_c100,CIFAR100,100,scalar,SGDm,Lion,1e-3,1e-6,1,1,-15:-2.3026,,na,na,0,20,20,18.8,18.8,18.19,0,node859,18,env,,0,,,,6.528,0
c100b-1e6-scal-s2,4683749,s5014158,ResNet18_c100,CIFAR100,100,scalar,SGDm,Lion,1e-3,1e-6,1,1,-15:-2.3026,,na,na,2,100,100,23.66,23.42,23.55,0,node880,42,env,,0,,,,23.378,0
c100b-1e3-scal-s2,4683740,s5014158,ResNet18_c100,CIFAR100,100,scalar,SGDm,Lion,1e-3,1e-3,1,1,-15:-2.3026,,na,na,2,100,100,23.15,23.15,23.12,0,node887,42,env,,0,,,,22.948,0
c100b-1e3-scal-s3,4683741,s5014158,ResNet18_c100,CIFAR100,100,scalar,SGDm,Lion,1e-3,1e-3,1,1,-15:-2.3026,,na,na,3,100,100,22.19,22.01,22.23,0,node887,42,env,,0,,,,21.962,0
c100b-1e6-scal-s3,4683750,s5014158,ResNet18_c100,CIFAR100,100,scalar,SGDm,Lion,1e-3,1e-6,1,1,-15:-2.3026,,na,na,3,100,100,22.81,22.54,22.81,0,node858,93,env,,0,,,,22.496,0
c100b-1e6-scal-s4,4683751,s5014158,ResNet18_c100,CIFAR100,100,scalar,SGDm,Lion,1e-3,1e-6,1,1,-15:-2.3026,,na,na,4,100,100,23.59,23.54,23.32,0,node881,42,env,,0,,,,23.436,0
c100b-1e3-scal-s4,4683742,s5014158,ResNet18_c100,CIFAR100,100,scalar,SGDm,Lion,1e-3,1e-3,1,1,-15:-2.3026,,na,na,4,100,100,23.2,22.94,22.88,0,node851,92,env,,0,,,,23.009,0
c100f-w-s0,4683761,s5014158,ResNet18_c100,CIFAR100,100,weightwise,SGDm,Lion,1e-3,1e-3,1,1,-15:-2.3026,,na,na,0,100,100,68.05,68.05,95.56,0,node881,41,env,,0,,,,66.946,0
p5-c100-w,4683388,s5014158,ResNet18_c100,CIFAR100,100,weightwise,SGDm,Lion,1e-3,1e-6,1,1,-15:-2.3026,shrink,1.0,na,0,20,20,1.28,1.24,1.08,0,node880,9,env,,0,,,,1.159,0
c100f-w-s1,4683762,s5014158,ResNet18_c100,CIFAR100,100,weightwise,SGDm,Lion,1e-3,1e-3,1,1,-15:-2.3026,,na,na,1,100,100,67.37,66.9,95.26,0,node881,41,env,,0,,,,66.762,0
c100f-w-s2,4683763,s5014158,ResNet18_c100,CIFAR100,100,weightwise,SGDm,Lion,1e-3,1e-3,1,1,-15:-2.3026,,na,na,2,100,100,67.47,66.61,94.75,0,node882,41,env,,0,,,,66.432,0
r34f-r0005-s0,4685602,s5014158,ResNet34,CIFAR10,100,layerwise,SGDm,Lion,1e-3,1e-6,1,1,-15:-2.3026,additive,na,0.005,0,100,100,93.52,93.18,99.04,0,node881,60,env,,0,40,45,47,93.297,2
r34f-r001-s0,4685605,s5014158,ResNet34,CIFAR10,100,layerwise,SGDm,Lion,1e-3,1e-6,1,1,-15:-2.3026,additive,na,0.01,0,100,100,93.77,93.67,99.19,0,node858,104,env,,0,38,45,48,93.544,2
sa3-ResNet34-layer-s0,4683449,s5014158,ResNet34,CIFAR10,100,layerwise,SGDm,Lion,1e-3,1e-3,1,1,-15:-2.3026,,na,na,0,100,100,90.76,90.25,99.81,0,node887,60,env,,0,15,23,58,90.237,68
p5-r34-lay,4683382,s5014158,ResNet34,CIFAR10,100,layerwise,SGDm,Lion,1e-3,1e-6,1,1,-15:-2.3026,shrink,1.0,na,0,20,20,55.01,55.01,52.97,0,node880,12,env,,0,,,,24.865,0
sa3-ResNet34-add-s0,4683450,s5014158,ResNet34,CIFAR10,100,layerwise,SGDm,Lion,1e-3,1e-3,1,1,-15:-2.3026,additive,na,0.06,0,100,100,93.67,93.55,99.8,0,node883,60,env,,0,19,22,27,93.522,7
r34f-r0025-s0,4685611,s5014158,ResNet34,CIFAR10,100,layerwise,SGDm,Lion,1e-3,1e-6,1,1,-15:-2.3026,additive,na,0.025,0,100,100,94.18,93.92,99.73,0,node858,103,env,,0,34,45,53,94.05,8
r34f-r0015-s0,4685608,s5014158,ResNet34,CIFAR10,100,layerwise,SGDm,Lion,1e-3,1e-6,1,1,-15:-2.3026,additive,na,0.015,0,100,100,94.19,93.75,99.36,0,node859,103,env,,0,39,44,50,93.891,2
sa3-ResNet34-add-s1,4683459,s5014158,ResNet34,CIFAR10,100,layerwise,SGDm,Lion,1e-3,1e-3,1,1,-15:-2.3026,additive,na,0.06,1,100,100,93.45,93.34,99.81,0,node885,61,env,,0,20,24,26,93.283,6
sa3-ResNet34-layer-s1,4683458,s5014158,ResNet34,CIFAR10,100,layerwise,SGDm,Lion,1e-3,1e-3,1,1,-15:-2.3026,,na,na,1,100,100,90.9,90.49,99.8,0,node858,104,env,,0,14,25,54,90.548,65
r34f-r0015-s1,4685609,s5014158,ResNet34,CIFAR10,100,layerwise,SGDm,Lion,1e-3,1e-6,1,1,-15:-2.3026,additive,na,0.015,1,100,100,93.96,93.58,99.47,0,node886,61,env,,0,36,43,50,93.617,3
r34f-r001-s1,4685606,s5014158,ResNet34,CIFAR10,100,layerwise,SGDm,Lion,1e-3,1e-6,1,1,-15:-2.3026,additive,na,0.01,1,100,100,93.67,93.55,99.29,0,node851,104,env,,0,36,45,48,93.434,2
r34f-r0005-s1,4685603,s5014158,ResNet34,CIFAR10,100,layerwise,SGDm,Lion,1e-3,1e-6,1,1,-15:-2.3026,additive,na,0.005,1,100,100,93.64,93.28,99.09,0,node851,103,env,,0,34,45,46,93.268,1
r34f-r0025-s1,4685612,s5014158,ResNet34,CIFAR10,100,layerwise,SGDm,Lion,1e-3,1e-6,1,1,-15:-2.3026,additive,na,0.025,1,100,100,93.98,93.86,99.73,0,node881,60,env,,0,34,43,53,93.772,6
sa3-ResNet34-add-s2,4683468,s5014158,ResNet34,CIFAR10,100,layerwise,SGDm,Lion,1e-3,1e-3,1,1,-15:-2.3026,additive,na,0.06,2,100,100,93.37,93.16,99.81,0,node880,60,env,,0,15,22,29,93.245,4
r34f-r0005-s2,4685604,s5014158,ResNet34,CIFAR10,100,layerwise,SGDm,Lion,1e-3,1e-6,1,1,-15:-2.3026,additive,na,0.005,2,100,100,93.5,93.31,99.09,0,node866,56,env,,0,38,46,48,93.262,3
sa3-ResNet34-layer-s2,4683467,s5014158,ResNet34,CIFAR10,100,layerwise,SGDm,Lion,1e-3,1e-3,1,1,-15:-2.3026,,na,na,2,100,100,90.83,90.58,99.81,0,node851,104,env,,0,16,24,58,90.479,68
r34f-r0025-s2,4685613,s5014158,ResNet34,CIFAR10,100,layerwise,SGDm,Lion,1e-3,1e-6,1,1,-15:-2.3026,additive,na,0.025,2,100,100,94.09,94.05,99.81,0,node858,103,env,,0,34,43,49,93.968,10
r34f-r001-s2,4685607,s5014158,ResNet34,CIFAR10,100,layerwise,SGDm,Lion,1e-3,1e-6,1,1,-15:-2.3026,additive,na,0.01,2,100,100,93.58,93.35,99.28,0,node885,60,env,,0,35,45,51,93.34,2
r34f-r0015-s2,4685610,s5014158,ResNet34,CIFAR10,100,layerwise,SGDm,Lion,1e-3,1e-6,1,1,-15:-2.3026,additive,na,0.015,2,100,100,93.98,93.92,99.44,0,node851,104,env,,0,35,46,52,93.828,7
p5-r34-node,4683383,s5014158,ResNet34,CIFAR10,100,nodewise,SGDm,Lion,1e-3,1e-6,1,1,-15:-2.3026,shrink,1.0,na,0,20,20,27.04,27.04,25.43,0,node858,25,env,,0,,,,15.156,0
p5-r34-scal,4683381,s5014158,ResNet34,CIFAR10,100,scalar,SGDm,Lion,1e-3,1e-6,1,1,-15:-2.3026,,na,na,0,20,20,75.17,75.17,74.19,0,node886,13,env,,0,,,,32.7,0
sa3-ResNet34-scal-s0,4683448,s5014158,ResNet34,CIFAR10,100,scalar,SGDm,Lion,1e-3,1e-3,1,1,-15:-2.3026,,na,na,0,100,100,90.14,89.89,98.65,0,node887,65,env,,0,17,33,91,89.922,52
sa3-ResNet34-scal-s1,4683457,s5014158,ResNet34,CIFAR10,100,scalar,SGDm,Lion,1e-3,1e-3,1,1,-15:-2.3026,,na,na,1,100,100,89.69,89.66,98.74,0,node881,64,env,,0,17,34,,89.531,47
sa3-ResNet34-scal-s2,4683466,s5014158,ResNet34,CIFAR10,100,scalar,SGDm,Lion,1e-3,1e-3,1,1,-15:-2.3026,,na,na,2,100,100,89.86,89.86,98.78,0,node887,65,env,,0,15,28,,89.605,44
p5-r34-w,4683384,s5014158,ResNet34,CIFAR10,100,weightwise,SGDm,Lion,1e-3,1e-6,1,1,-15:-2.3026,shrink,1.0,na,0,20,20,14.2,14.2,13.77,0,node859,26,env,,0,,,,10.912,0
